Survey_Date,Survey_Number,Year,No_of_Vessels,Survey_Area,HSC_Estimate,HSC_Turnover,DFO_Estimate,DFO_Turnover_Adjusted,Survey_Start,High_Tide,Tide_Difference,Tide_Relative,Julian,Sunset_Time,Sunset_Difference,Sunset_Relative,DFO Area (km^2),DFO_Density,Survey Started,High Tide,Sunset Time,Comments
1999-09-10,2,1999,,GB,NA,NA,182637,208259,20:30:00,23:59:00,3:29:00,3.48,253,19:45:00,0:45:00,-0.75,198,0.922409091,1999-09-10 20:30,1999-09-10 23:59,1999-09-10 19:45,"Time difference between survey start and high tide/sunset time. If 1.xx high tide/sunset was before survey, if 0.xx High Tide was after Survey."
2000-08-29,1,2000,,GB,NA,NA,147621,100250,22:30:00,23:38:00,1:08:00,1.13,242,20:05:00,2:25:00,-2.42,532,0.277483083,2000-08-29 22:30,2000-08-29 23:38,2000-08-29 20:05,
2000-09-12,2,2000,,GB,NA,NA,121783,112849,20:30:00,22:43:00,2:13:00,2.22,256,19:40:00,0:50:00,-0.83,96,1.268572917,2000-09-12 20:30,2000-09-12 22:43,2000-09-12 19:40,
2000-09-27,3,2000,,GB,NA,NA,145273,54402,20:00:00,23:28:00,3:28:00,3.47,271,19:13:00,0:47:00,-0.78,338,0.429801775,2000-09-27 20:00,2000-09-27 23:28,2000-09-27 19:13,
2001-08-27,1,2001,,GB,NA,NA,33021,39160,21:00:00,18:47:00,2:13:00,-2.22,239,20:09:00,0:51:00,-0.85,200,0.165105,2001-08-27 21:00,2001-08-27 18:47,2001-08-27 20:09,
2001-09-09,2,2001,,GB,NA,NA,31026,28178,21:00:00,4:06:00,7:06:00,7.1,252,19:46:00,1:14:00,-1.23,325,0.095464615,2001-09-09 21:00,2001-09-10 4:06,2001-09-09 19:46,
2001-09-25,3,2001,,GB,NA,NA,12380,12380,20:00:00,18:20:00,1:40:00,-1.67,268,19:17:00,0:43:00,-0.72,430,0.028790698,2001-09-25 20:00,2001-09-25 18:20,2001-09-25 19:17,
2001-10-19,4,2001,,GB,NA,NA,35613,35613,20:00:00,2:00:00,6:00:00,6,292,18:36:00,1:24:00,-1.4,330,0.107918182,2001-10-19 20:00,2001-10-20 2:00,2001-10-19 18:36,
2002-08-11,1,2002,,GB,NA,NA,2866,3843,21:00:00,1:37:00,4:37:00,4.62,223,20:35:00,0:25:00,-0.42,31,0.092451613,2002-08-11 21:00,2002-08-12 1:37,2002-08-11 20:35,
2002-08-26,2,2002,,GB,NA,NA,117673,113430,21:30:00,2:27:00,4:57:00,4.95,238,20:11:00,1:19:00,-1.32,450,0.261495556,2002-08-26 21:30,2002-08-27 2:27,2002-08-26 20:11,
2002-09-10,3,2002,,GB,NA,NA,79410,88312,22:00:00,2:16:00,4:16:00,4.27,253,19:45:00,2:15:00,-2.25,375,0.21176,2002-09-10 22:00,2002-09-11 2:16,2002-09-10 19:45,
2003-08-29,1,2003,,GB,NA,NA,101182,107204,21:00:00,0:41:00,3:41:00,3.68,241,20:06:00,0:54:00,-0.9,490,0.206493878,2003-08-29 21:00,2003-08-30 0:41,2003-08-29 20:06,
2003-09-08,2,2003,,GB,NA,NA,97926,72263,21:00:00,22:03:00,1:03:00,1.05,251,19:49:00,1:11:00,-1.18,365,0.268290411,2003-09-08 21:00,2003-09-08 22:03,2003-09-08 19:49,
2003-09-18,3,2003,,GB,NA,NA,52599,13017,20:30:00,17:08:00,3:22:00,-3.37,261,19:31:00,0:59:00,-0.98,300,0.17533,2003-09-18 20:30,2003-09-18 17:08,2003-09-18 19:31,
2003-10-10,4,2003,,GB,NA,NA,70011,61964,20:00:00,0:18:00,4:18:00,4.3,283,18:51:00,1:09:00,-1.15,710,0.098607042,2003-10-10 20:00,2003-10-11 0:18,2003-10-10 18:51,
2003-10-20,5,2003,,GB,NA,NA,21768,2400,21:00:00,18:55:00,2:05:00,-2.08,293,18:35:00,2:25:00,-2.42,260,0.083723077,2003-10-20 21:00,2003-10-20 18:55,2003-10-20 18:35,
2004-09-02,1,2004,,GB,NA,NA,109775,113333,21:00:00,2:43:00,5:43:00,5.72,246,21:02:00,0:02:00,0.03,650,0.168884615,2004-09-02 21:00,2004-09-03 2:43,2004-09-02 21:02,
2004-09-16,2,2004,,GB,NA,NA,155348,145400,20:30:00,0:38:00,4:08:00,4.13,260,19:33:00,0:57:00,-0.95,400,0.38837,2004-09-16 20:30,2004-09-17 0:38,2004-09-16 19:33,
2004-09-30,3,2004,,GB,NA,NA,102506,74380,20:00:00,1:32:00,5:32:00,5.53,274,19:08:00,0:52:00,-0.87,660,0.155312121,2004-09-30 20:00,2004-10-01 1:32,2004-09-30 19:08,
2005-09-07,1,2005,,GB,NA,NA,91701,91701,20:30:00,1:54:00,5:24:00,5.4,250,19:50:00,0:40:00,-0.67,710,0.129156338,2005-09-07 20:30,2005-09-08 1:54,2005-09-07 19:50,
2005-09-21,2,2005,,GB,NA,NA,128825,110942,20:30:00,2:36:00,6:06:00,6.1,264,19:24:00,1:06:00,-1.1,600,0.214708333,2005-09-21 20:30,2005-09-22 2:36,2005-09-21 19:24,
2005-10-04,3,2005,,GB,NA,NA,48084,16678,20:00:00,0:05:00,4:05:00,4.08,277,19:01:00,0:59:00,-0.98,500,0.096168,2005-10-04 20:00,2005-10-05 0:05,2005-10-04 19:01,
2006-08-25,1,2006,5,GB,NA,NA,114069,114069,21:00:00,1:09:00,4:09:00,4.15,237,20:13:00,0:47:00,-0.78,706,0.161570822,2006-08-25 21:00,2006-08-26 1:09,2006-08-25 20:13,
2006-09-15,2,2006,5,GB,NA,NA,107641,96009,20:30:00,17:53:00,2:37:00,-2.62,258,19:36:00,0:54:00,-0.9,701,0.153553495,2006-09-15 20:30,2006-09-15 17:53,2006-09-15 19:36,
2006-10-01,3,2006,4,GB,NA,NA,50893,33200,20:00:00,17:48:00,2:12:00,-2.2,274,19:07:00,0:53:00,-0.88,646,0.078781734,2006-10-01 20:00,2006-10-01 17:48,2006-10-01 19:07,
2006-10-15,4,2006,4,GB,NA,NA,22787,10696,20:00:00,18:36:00,1:24:00,-1.4,288,18:42:00,1:18:00,-1.3,646,0.035273994,2006-10-15 20:00,2006-10-15 18:36,2006-10-15 18:42,
2007-08-24,1,2007,5,GB,NA,NA,45920,45920,21:00:00,20:09:00,0:51:00,-0.85,236,20:15:00,0:45:00,-0.75,696,0.065977011,2007-08-24 21:00,2007-08-24 20:09,2007-08-24 20:15,
2007-09-07,2,2007,7,GB,NA,NA,32769,23814,20:30:00,20:20:00,0:10:00,-0.17,250,19:51:00,0:39:00,-0.65,646,0.050726006,2007-09-07 20:30,2007-09-07 20:20,2007-09-07 19:51,
2007-09-21,3,2007,7,GB,NA,NA,191802,183761,21:00:00,18:37:00,2:23:00,-2.38,264,19:25:00,1:35:00,-1.58,646,0.296907121,2007-09-21 21:00,2007-09-21 18:37,2007-09-21 19:25,
2007-10-05,4,2007,5,GB,NA,NA,228870,190288,20:00:00,18:58:00,1:02:00,-1.03,278,19:00:00,1:00:00,-1,646,0.354287926,2007-10-05 20:00,2007-10-05 18:58,2007-10-05 19:00,
2007-10-17,5,2007,3,GB,NA,NA,8064,8064,20:00:00,15:31:00,4:29:00,-4.48,290,18:40:00,1:20:00,-1.33,320,0.0252,2007-10-17 20:00,2007-10-17 15:31,2007-10-17 18:40,
2008-08-22,1,2008,7,GB,NA,NA,25445,25445,21:30:00,3:38:00,6:08:00,6.13,235,20:17:00,1:13:00,-1.22,726,0.035048209,2008-08-22 21:30,2008-08-23 3:38,2008-08-22 20:17,
2008-09-05,2,2008,7,GB,NA,NA,72300,67338,20:30:00,15:18:31,5:11:29,-5.19,249,19:53:00,0:37:00,-0.62,646,0.111919505,2008-09-05 20:30,2008-09-05 15:18,2008-09-05 19:53,
2008-09-19,3,2008,8,GB,NA,NA,32159,17145,20:00:00,13:56:16,6:03:44,-6.06,263,19:27:00,0:33:00,-0.55,646,0.049781734,2008-09-19 20:00,2008-09-19 13:56,2008-09-19 19:27,
2008-10-06,4,2008,6,GB,NA,NA,111046,106207,19:30:00,16:17:53,3:12:07,-3.2,280,18:57:00,0:33:00,-0.55,646,0.171897833,2008-10-06 19:30,2008-10-06 16:17,2008-10-06 18:57,
2008-10-21,5,2008,2,GB,NA,NA,934,934,22:00:00,16:36:19,5:23:41,-5.39,295,18:32:00,3:28:00,-3.47,200,0.00467,2008-10-21 22:00,2008-10-21 16:36,2008-10-21 18:32,
2009-08-12,1,2009,7,GB,NA,NA,90118,90118,21:00:00,15:32:00,5:28:00,-5.47,224,20:33:00,0:27:00,-0.45,646,0.139501548,2009-08-12 21:00,2009-08-12 15:32,2009-08-12 20:33,
2009-08-25,2,2009,9,GB,NA,NA,114610,96977,21:30:00,3:41:46,6:11:46,6.2,237,20:12:00,1:18:00,-1.3,646,0.177414861,2009-08-25 21:30,2009-08-26 3:41,2009-08-25 20:12,
2009-09-08,3,2009,8,GB,NA,NA,37522,37522,21:00:00,1:58:01,4:58:01,4.97,251,19:48:00,1:12:00,-1.2,646,0.058083591,2009-09-08 21:00,2009-09-09 1:58,2009-09-08 19:48,
2009-09-14,4,2009,7,GB,NA,NA,70024,56887,20:30:00,19:17:01,1:12:59,-1.22,257,19:37:00,0:53:00,-0.88,646,0.108396285,2009-09-14 20:30,2009-09-14 19:17,2009-09-14 19:37,
2009-09-24,5,2009,8,GB,NA,NA,49292,27894,20:00:00,15:28:05,4:31:55,-4.53,267,19:19:00,0:41:00,-0.68,646,0.076303406,2009-09-24 20:00,2009-09-24 15:28,2009-09-24 19:19,
2009-10-05,6,2009,7,GB,NA,NA,71809,52328,20:00:00,0:12:08,4:12:08,4.2,278,18:59:00,1:01:00,-1.02,646,0.111159443,2009-10-05 20:00,2009-10-06 0:12,2009-10-05 18:59,
2009-10-20,7,2009,5,GB,NA,NA,15195,15195,19:00:00,1:12:57,6:12:57,6.22,293,18:34:00,0:26:00,-0.43,646,0.023521672,2009-10-20 19:00,2009-10-21 1:12,2009-10-20 18:34,
2010-08-18,1,2010,8,GB,NA,NA,85180,85180,21:00:00,18:34:00,2:26:00,-2.43,230,20:24:00,0:36:00,-0.6,671,0.126944858,2010-08-18 21:00,2010-08-18 18:34,2010-08-18 20:24,
2010-08-31,2,2010,7,GB,NA,NA,58570,40510,21:00:00,15:44:00,5:16:00,-5.27,243,20:02:00,0:58:00,-0.97,726,0.080674931,2010-08-31 21:00,2010-08-31 15:44,2010-08-31 20:02,
2010-09-08,3,2010,9,GB,NA,NA,66839,66839,21:00:00,23:18:00,2:18:00,2.3,251,19:48:00,1:12:00,-1.2,806,0.082926799,2010-09-08 21:00,2010-09-08 23:18,2010-09-08 19:48,
2010-09-15,4,2010,9,GB,NA,NA,65230,51673,20:45:00,17:11:00,3:34:00,-3.57,258,19:36:00,1:09:00,-1.15,766,0.085156658,2010-09-15 20:45,2010-09-15 17:11,2010-09-15 19:36,
2010-09-23,5,2010,7,GB,NA,NA,16637,16637,20:00:00,23:47:00,3:47:00,3.78,266,19:21:00,0:39:00,-0.65,425,0.039145882,2010-09-23 20:00,2010-09-23 23:47,2010-09-23 19:21,
2010-10-05,6,2010,9,GB,NA,NA,36068,28686,20:00:00,21:10:00,1:10:00,1.17,278,18:59:00,1:01:00,-1.02,876,0.041173516,2010-10-05 20:00,2010-10-05 21:10,2010-10-05 18:59,
2010-10-19,7,2010,7,GB,NA,NA,8721,1687,19:00:00,21:21:00,2:21:00,2.35,292,18:36:00,0:24:00,-0.4,876,0.009955479,2010-10-19 19:00,2010-10-19 21:21,2010-10-19 18:36,
2010-10-26,8,2010,5,GB,NA,NA,3820,3820,19:00:00,1:41:00,6:41:00,6.68,299,18:25:00,0:35:00,-0.58,646,0.005913313,2010-10-26 19:00,2010-10-27 1:41,2010-10-26 18:25,
2011-08-26,1,2011,6,GB,NA,NA,30405,30405,21:00:00,20:59:00,0:01:00,-0.02,238,20:11:00,0:49:00,-0.82,870,0.034948276,2011-08-26 21:00,2011-08-26 20:59,2011-08-26 20:11,
2011-09-08,2,2011,8,GB,NA,NA,116508,110062,20:30:00,20:44:00,0:14:00,0.23,251,19:47:00,0:43:00,-0.72,850,0.137068235,2011-09-08 20:30,2011-09-08 20:44,2011-09-08 19:47,
2011-09-21,3,2011,10,GB,NA,NA,143937,117625,20:30:00,17:44:00,2:46:00,-2.77,264,19:25:00,1:05:00,-1.08,776,0.185485825,2011-09-21 20:30,2011-09-21 17:44,2011-09-21 19:25,
2011-10-11,4,2011,5,GB,NA,NA,9611,9611,19:30:00,23:37:00,4:07:00,4.12,283,18:49:00,0:41:00,-0.68,662,0.014518127,2011-10-11 19:30,2011-10-11 23:37,2011-10-11 18:49,
2012-08-12,1,2012,6,GB,NA,NA,33541,33541,21:00:00,19:42:00,1:18:00,-1.3,225,20:32:00,0:28:00,-0.47,827,0.040557437,2012-08-12 21:00,2012-08-12 19:42,2012-08-12 20:32,
2012-08-26,2,2012,7,GB,NA,NA,107994,101453,21:00:00,18:33:00,2:27:00,-2.45,239,20:10:00,0:50:00,-0.83,844,0.127954976,2012-08-26 21:00,2012-08-26 18:33,2012-08-26 20:10,
2012-09-09,3,2012,12,GB,NA,NA,59916,37651,21:00:00,18:05:00,2:55:00,-2.92,253,19:46:00,1:14:00,-1.23,780,0.076815385,2012-09-09 21:00,2012-09-09 18:05,2012-09-09 19:46,
2012-09-22,4,2012,8,GB,NA,NA,59213,41725,21:00:00,16:09:00,4:51:00,-4.85,266,19:22:00,1:38:00,-1.63,712,0.083164326,2012-09-22 21:00,2012-09-22 16:09,2012-09-22 19:22,
2012-10-07,5,2012,10,GB,NA,NA,21475,8711,20:00:00,16:33:00,3:27:00,-3.45,281,18:55:00,1:05:00,-1.08,712,0.030161517,2012-10-07 20:00,2012-10-07 16:33,2012-10-07 18:55,
2013-08-19,1,2013,8,GB,NA,NA,53509,"53,174",21:00:00,21:55:00,0:55:00,0.92,231,20:22:00,0:38:00,-0.63,834,0.064159472,2013-08-19 21:00,2013-08-19 21:55,2013-08-19 20:22,
2013-09-03,2,2013,8,GB,NA,NA,118088,112241,21:00:00,22:12:00,1:12:00,1.2,246,19:57:00,1:03:00,-1.05,788,0.149857868,2013-09-03 21:00,2013-09-03 22:12,2013-09-03 19:57,
2013-09-17,3,2013,9,GB,NA,NA,37906,37623,20:30:00,21:47:00,1:17:00,1.28,260,19:32:00,0:58:00,-0.97,798,0.047501253,2013-09-17 20:30,2013-09-17 21:47,2013-09-17 19:32,
2013-09-29,4,2013,7,GB,NA,NA,48419,44502,20:30:00,19:23:00,1:07:00,-1.12,272,19:10:00,1:20:00,-1.33,830,0.058336145,2013-09-29 20:30,2013-09-29 19:23,2013-09-29 19:10,
2013-10-14,5,2013,6,GB,NA,NA,6606,6381,19:00:00,19:25:00,0:25:00,0.42,287,18:45:00,0:15:00,-0.25,834,0.007920863,2013-10-14 19:00,2013-10-14 19:25,2013-10-14 18:45,
2014-08-12,1,2014,8,GB,NA,NA,51496,51496,21:00:00,0:50:00,3:50:00,3.83,224,20:33:00,0:27:00,-0.45,842,0.061159145,2014-08-12 21:00,2014-08-13 0:50,2014-08-12 20:33,
2014-08-25,2,2014,8,GB,NA,NA,70385,59467,21:00:00,23:50:00,2:50:00,2.83,237,20:13:00,0:47:00,-0.78,840,0.083791667,2014-08-25 21:00,2014-08-25 23:50,2014-08-25 20:13,
2014-09-08,3,2014,8,GB,NA,NA,79348,63342,21:00:00,22:46:00,1:46:00,1.77,251,19:48:00,1:12:00,-1.2,840,0.094461905,2014-09-08 21:00,2014-09-08 22:46,2014-09-08 19:48,
2014-09-26,4,2014,5,GB,NA,NA,10510,9870,20:30:00,0:55:00,4:25:00,4.42,269,19:16:00,1:14:00,-1.23,128,0.082109375,2014-09-26 20:30,2014-09-27 0:55,2014-09-26 19:16,
2014-10-06,5,2014,5,GB,NA,NA,21294,15580,20:00:00,21:36:00,1:36:00,1.6,279,18:58:00,1:02:00,-1.03,545,0.03907156,2014-10-06 20:00,2014-10-06 21:36,2014-10-06 18:58,
2015-08-17,1,2015,8,GB,NA,NA,16156,16156,21:00:00,2:01:00,5:01:00,5.02,229,20:26:00,0:34:00,-0.57,843,0.019164887,2015-08-17 21:00,2015-08-18 2:01,2015-08-17 20:26,
2015-09-01,2,2015,7,GB,NA,NA,64219,61324,21:00:00,1:36:00,4:36:00,4.6,244,20:01:00,0:59:00,-0.98,805,0.079775155,2015-09-01 21:00,2015-09-02 1:36,2015-09-01 20:01,
2015-09-13,3,2015,7,GB,NA,NA,52782,37271,20:30:00,0:12:00,3:42:00,3.7,256,19:40:00,0:50:00,-0.83,816,0.064683824,2015-09-13 20:30,2015-09-14 0:12,2015-09-13 19:40,
2015-09-27,4,2015,7,GB,NA,NA,39242,25547,20:30:00,22:37:00,2:07:00,2.12,270,19:14:00,1:16:00,-1.27,645,0.06084031,2015-09-27 20:30,2015-09-27 22:37,2015-09-27 19:14,
2015-10-05,5,2015,6,GB,NA,NA,28039,28039,20:30:00,17:38:00,2:52:00,-2.87,278,19:00:00,1:30:00,-1.5,651,0.043070661,2015-10-05 20:30,2015-10-05 17:38,2015-10-05 19:00,
2015-10-12,6,2015,7,GB,NA,NA,3990,3990,19:30:00,23:37:00,4:07:00,4.12,285,18:48:00,0:42:00,-0.7,714,0.005588235,2015-10-12 19:30,2015-10-12 23:37,2015-10-12 18:48,
2016-08-21,1,2016,7,GB,37203,NA,35565,35565,21:00:00,1:43:00,4:43:00,4.72,234,20:18:00,0:42:00,-0.7,650.42,0.054680053,2016-08-21 21:00,2016-08-22 1:43,2016-08-21 20:18,
2016-09-01,2,2016,6,GB,28127,NA,26089,18010,21:00:00,0:07:00,3:07:00,3.12,245,20:00:00,1:00:00,-1,827.16,0.031540452,2016-09-01 21:00,2016-09-02 0:07,2016-09-01 20:00,
2016-09-12,3,2016,7,GB,92063,NA,36061,80119,21:00:00,19:42:00,1:18:00,-1.3,256,19:40:00,1:20:00,-1.33,767.04,0.047013194,2016-09-12 21:00,2016-09-12 19:42,2016-09-12 19:40,
2016-09-19,4,2016,7,GB,17603,NA,15396,15396,21:00:00,1:25:00,4:25:00,4.42,263,19:27:00,1:33:00,-1.55,700.84,0.021967924,2016-09-19 21:00,2016-09-20 1:25,2016-09-19 19:27,
2016-09-26,5,2016,6,GB,48923,NA,48752,29667,20:00:00,20:06:00,0:06:00,0.1,270,19:15:00,0:45:00,-0.75,701.33,0.069513638,2016-09-26 20:00,2016-09-26 20:06,2016-09-26 19:15,
2016-10-07,6,2016,NA,GB,10455,NA,10589,NA,NA,15:33:49,#VALUE!,#VALUE!,281,0:00:00,#VALUE!,#VALUE!,NA,NA,NA,2016-10-07 15:33,2016-10-07 0:00,
2017-08-21,1,2017,9,GB,44233,33892,33839,33839,20:30:00,23:00:00,2:30:00,2.5,233,20:19:00,0:11:00,-0.18,819.58,0.041288221,2017-08-21 20:30,2017-08-21 23:00,2017-08-21 20:19,
2017-09-08,2,2017,8,GB,84439,64296,65393,60745,20:00:00,1:00:00,5:00:00,5,251,19:48:00,0:12:00,-0.2,830.85,0.078706144,2017-09-08 20:00,2017-09-09 1:00,2017-09-08 19:48,
2017-09-17,3,2017,8,GB,82359,62869,NA,42053,20:00:00,21:00:00,1:00:00,1,260,19:31:00,0:29:00,-0.48,841.28,0.074808625,2017-09-17 20:00,2017-09-17 21:00,2017-09-17 19:31,
2017-10-01,4,2017,7,GB,3457,3148,NA,,19:30:00,20:00:00,0:30:00,0.5,274,19:06:00,0:24:00,-0.4,713.16,0.004226261,2017-10-01 19:30,2017-10-01 20:00,2017-10-01 19:06,
2017-10-06,5,2017,6,GB,6144,4984,5386,0,19:30:00,23:54:53,4:24:53,4.41,279,18:57:00,0:33:00,-0.55,822.33,0.006549682,2017-10-06 19:30,2017-10-06 23:54,2017-10-06 18:57,
2017-10-18,6,2017,6,GB,32741,30425,30396,29155,19:30:00,23:00:00,3:30:00,3.5,291,18:37:00,0:53:00,-0.88,829.72,0.036634045,2017-10-18 19:30,2017-10-18 23:00,2017-10-18 18:37,
2018-08-12,1,2018,6,GB,13097,13097,12170,12170,20:30:00,1:00:00,4:30:00,4.5,224,20:33:00,0:03:00,0.05,814.91,0.014934165,2018-08-12 20:30,2018-08-13 1:00,2018-08-12 20:33,
2018-08-26,2,2018,9,GB,17576,15022,13693,13693,20:30:00,23:48:46,3:18:46,3.31,238,20:11:00,0:19:00,-0.32,823.17,0.016634474,2018-08-26 20:30,2018-08-26 23:48,2018-08-26 20:11,
2018-09-09,3,2018,9,GB,49641,45742,37490,37490,20:00:00,23:00:00,3:00:00,3,252,19:46:00,0:14:00,-0.23,801.28,0.04678764,2018-09-09 20:00,2018-09-09 23:00,2018-09-09 19:46,
2018-09-20,4,2018,9,GB,46330,32813,24298,24298,20:00:00,21:00:00,1:00:00,1,263,19:26:00,0:34:00,-0.57,761.47,0.031909333,2018-09-20 20:00,2018-09-20 21:00,2018-09-20 19:26,
2018-10-01,5,2018,8,GB,24816,8685,7281,7218,20:30:00,4:30:00,8:00:00,8,274,19:06:00,1:24:00,-1.4,812.36,0.008962775,2018-10-01 20:30,2018-10-02 4:30,2018-10-01 19:06,
2018-10-14,6,2018,6,GB,5544,0,4963,NA,20:00:00,4:00:00,8:00:00,8,287,18:44:00,1:16:00,-1.27,600.14,0,2018-10-14 20:00,2018-10-15 4:00,2018-10-14 18:44,
2018-10-22,7,2018,6,GB,NA,NA,0,0,22:00:00,22:00:00,0:00:00,0,295,18:31:00,3:29:00,-3.48,605.47,0,2018-10-22 22:00,2018-10-22 22:00,2018-10-22 18:31,
2019-08-11,1,2019,6,GB,15587,15110,12319,12319,21:00:00,21:00:00,0:00:00,0,223,20:24:00,0:36:00,-0.6,812.4,0.015163712,2019-08-11 21:00,2019-08-11 21:00,2019-08-11 20:24,DFO Estimates and Report in SSB as NA. Left these numbers to try to find them later.
2019-08-25,2,2019,9,GB,39104,29583,25125,25125,21:00:00,19:00:00,2:00:00,-2,237,20:13:00,0:47:00,-0.78,803.8,0.031257776,2019-08-25 21:00,2019-08-25 19:00,2019-08-25 20:13,
2019-09-09,3,2019,9,GB,45469,36467,29498,29498,21:00:00,20:30:00,0:30:00,-0.5,252,19:47:00,1:13:00,-1.22,865.8,0.034070224,2019-09-09 21:00,2019-09-09 20:30,2019-09-09 19:47,
2019-09-25,4,2019,9,GB,89343,78214,65077,65077,20:00:00,20:30:00,0:30:00,0.5,268,19:18:00,0:42:00,-0.7,873.3,0.074518493,2019-09-25 20:00,2019-09-25 20:30,2019-09-25 19:18,
2019-10-08,5,2019,6,GB,12431,0,0,0,19:30:00,3:00:00,7:30:00,7.5,281,18:55:00,0:35:00,-0.58,844,0,2019-10-08 19:30,2019-10-09 3:00,2019-10-08 18:55,
2019-10-21,6,2019,5,GB,26790,16879,15120,15120,19:00:00,17:00:00,2:00:00,-2,294,18:33:00,0:27:00,-0.45,947.5,0.015957784,2019-10-21 19:00,2019-10-21 17:00,2019-10-21 18:33,
2019-11-03,7,2019,5,GB,1753,0,0,0,18:00:00,16:00:00,2:00:00,-2,307,18:16:00,0:16:00,0.27,796.6,0,2019-11-03 18:00,2019-11-03 16:00,2019-11-03 18:16,
2020-08-16,1,2020,6,GB,43690,43690,14261,14261,20:00:00,22:00:00,2:00:00,2,229,20:26:00,0:26:00,0.43,846.7,0.015229715,2020-08-16 20:00,2020-08-16 22:00,2020-08-16 20:26,
2020-08-31,2,2020,9,GB,29205,21377,27577,25021,20:00:00,22:34:26,2:34:26,2.57,244,20:01:00,0:01:00,0.02,849,0.030952886,2020-08-31 20:00,2020-08-31 22:34,2020-08-31 20:01,
2020-09-13,3,2020,9,GB,69343,61580,58754,52394,19:30:00,20:00:00,0:30:00,0.5,257,19:38:00,0:08:00,0.13,859,0.066051222,2020-09-13 19:30,2020-09-13 20:00,2020-09-13 19:38,
2020-09-27,4,2020,9,GB,16530,1713,14188,1508,19:30:00,20:30:00,1:00:00,1,271,19:13:00,0:17:00,-0.28,849.4,0.001030139,2020-09-27 19:30,2020-09-27 20:30,2020-09-27 19:13,
2020-10-11,5,2020,7,GB,12046,6329,10035,5155,19:30:00,18:30:00,1:00:00,-1,285,18:48:00,0:42:00,-0.7,854,0.006665105,2020-10-11 19:30,2020-10-11 18:30,2020-10-11 18:48,
2020-10-25,6,2020,6,GB,7704,4761,7484,5017,19:00:00,19:00:00,0:00:00,0,299,18:26:00,0:34:00,-0.57,856.1,0.006440836,2020-10-25 19:00,2020-10-25 19:00,2020-10-25 18:26,
2021-08-23,1,2021,8,GB,8338,8338,8046,8046,20:00:00,12:12:00,7:48:00,-7.8,235,20:04:00,0:04:00,0.07,,,2021-08-23 20:00,2021-08-23 12:12,2021-08-23 20:04,
2021-09-05,2,2021,9,GB,40319,38551,39308,37602,20:00:00,22:35:00,2:35:00,2.58,248,19:41:00,0:19:00,-0.32,,,2021-09-05 20:00,2021-09-05 22:35,2021-09-05 19:41,
2021-09-20,3,2021,9,GB,80644,73120,87946,80614,20:00:00,23:25:00,3:25:00,3.42,263,19:12:00,0:48:00,-0.8,,,2021-09-20 20:00,2021-09-20 23:25,2021-09-20 19:12,
2021-10-03,4,2021,9,GB,15722,461,4599,0,20:00:00,21:17:00,1:17:00,1.28,276,18:48:00,1:12:00,-1.2,,,2021-10-03 20:00,2021-10-03 21:17,2021-10-03 18:48,
2021-10-18,5,2021,,GB,3113,0,4208,223,19:30:00,21:22:00,1:52:00,1.87,291,18:35:00,0:55:00,-0.92,,,2021-10-18 19:30,2021-10-18 21:22,2021-10-18 18:35,Missing survey data
2021-11-02,6,2021,,GB,12320,11197,11508,10661,0:00:00,20:29:00,20:29:00,NA,306,17:58:00,17:58:00,17.97,,,NA,2021-11-02 20:29,2021-11-02 17:58,Missing survey data
2022-08-14,1,2022,8,GB,7352,7352,22081,22081,21:00:00,1:38:00,4:38:00,4.63,226,20:19:00,0:41:00,-0.68,,,2022-08-14 21:00,2022-08-15 1:38,2022-08-14 20:19,
2022-08-28,2,2022,9,GB,4659,3225,11699,7393,21:00:00,0:32:00,3:32:00,3.53,240,19:56:00,1:04:00,-1.07,,,2022-08-28 21:00,2022-08-29 0:32,2022-08-28 19:56,
2022-09-11,3,2022,9,GB,7452,6279,11902,8826,20:00:00,0:28:00,4:28:00,4.47,254,19:30:00,0:30:00,-0.5,,,2022-09-11 20:00,2022-09-12 0:28,2022-09-11 19:30,
2022-09-25,4,2022,8,GB,62399,60778,12503,9761,20:00:00,23:25:00,3:25:00,3.42,268,19:03:00,0:57:00,-0.95,,,2022-09-25 20:00,2022-09-25 23:25,2022-09-25 19:03,"9 vessels started the survey, one (Sealife II) ran into issues with its transducer, so was unable to record any data."
2022-10-10,5,2022,9,GB,NA,NA,20247,17675,20:00:00,0:06:00,4:06:00,4.1,283,18:35:00,1:25:00,-1.42,,,2022-10-10 20:00,2022-10-11 0:06,2022-10-10 18:35,Missing HSC biomass details
2022-10-23,6,2022,5,GB,NA,NA,15565,10823,19:00:00,22:12:00,3:12:00,3.2,296,18:13:00,0:47:00,-0.78,,,2022-10-23 19:00,2022-10-23 22:12,2022-10-23 18:13,Missing HSC biomass details
2023-05-22,1,2023,4,SB,40856,40856,0,,21:00:00,21:16:00,0:16:00,0.27,142,20:41:00,0:19:00,-0.32,,#DIV/0!,2023-05-22 21:00,2023-05-22 21:16,2023-05-22 20:41,
1999-07-25,1,1999,1,SB,NA,NA,22307,"24,335",22:30:00,19:21:00,3:09:00,-3.15,206,20:50:00,1:40:00,-1.67,312.31,0.071425827,1999-07-25 22:30,1999-07-25 19:21,1999-07-25 20:50,
1999-09-03,2,1999,1,SB,NA,NA,0,0,23:30:00,14:39:00,8:51:00,-8.85,246,19:49:00,3:41:00,-3.68,712,0,1999-09-03 23:30,1999-09-03 14:39,1999-09-03 19:49,
2000-08-01,1,2000,8,SB,NA,NA,45284,"91,816",21:00:00,22:11:00,1:11:00,1.18,214,20:41:00,0:19:00,-0.32,377.8,0.119862361,2000-08-01 21:00,2000-08-01 22:11,2000-08-01 20:41,
2000-08-14,2,2000,1,SB,NA,NA,30322,"15,306",21:30:00,20:52:00,0:38:00,-0.63,227,20:22:00,1:08:00,-1.13,369,0.082173442,2000-08-14 21:30,2000-08-14 20:52,2000-08-14 20:22,
2000-08-29,3,2000,1,SB,NA,NA,30710,"60,821",21:00:00,21:03:00,0:03:00,0.05,242,19:57:00,1:03:00,-1.05,24.5,1.253469388,2000-08-29 21:00,2000-08-29 21:03,2000-08-29 19:57,
2001-07-31,1,2001,1,SB,NA,NA,54317,"67,183",21:00:00,18:32:00,2:28:00,-2.47,212,20:42:00,0:18:00,-0.3,270,0.201174074,2001-07-31 21:00,2001-07-31 18:32,2001-07-31 20:42,
2001-08-16,2,2001,1,SB,NA,NA,22401,"29,146",21:00:00,18:36:00,2:24:00,-2.4,228,20:19:00,0:41:00,-0.68,250,0.089604,2001-08-16 21:00,2001-08-16 18:36,2001-08-16 20:19,
2002-08-11,1,2002,3,SB,NA,NA,15824,"9,799",21:00:00,23:11:00,2:11:00,2.18,223,20:28:00,0:32:00,-0.53,400,0.03956,2002-08-11 21:00,2002-08-11 23:11,2002-08-11 20:28,
2002-08-21,2,2002,2,SB,NA,NA,79938,"67,749",22:00:00,20:14:00,1:46:00,-1.77,233,20:12:00,1:48:00,-1.8,275,0.290683636,2002-08-21 22:00,2002-08-21 20:14,2002-08-21 20:12,
2004-07-19,1,2004,5,SB,NA,NA,1042,"1,042",23:00:00,22:35:00,0:25:00,-0.42,201,20:54:00,2:06:00,-2.1,6,0.173666667,2004-07-19 23:00,2004-07-19 22:35,2004-07-19 20:54,
2004-08-03,2,2004,5,SB,NA,NA,16866,"16,745",20:00:00,23:14:00,3:14:00,3.23,216,20:38:00,0:38:00,0.63,468,0.036038462,2004-08-03 20:00,2004-08-03 23:14,2004-08-03 20:38,
2004-08-16,3,2004,5,SB,NA,NA,63327,"61,042",21:00:00,21:32:00,0:32:00,0.53,229,20:19:00,0:41:00,-0.68,475,0.13332,2004-08-16 21:00,2004-08-16 21:32,2004-08-16 20:19,
2004-08-29,4,2004,5,SB,NA,NA,27110,"17,489",21:00:00,20:33:00,0:27:00,-0.45,242,19:57:00,1:03:00,-1.05,640,0.042359375,2004-08-29 21:00,2004-08-29 20:33,2004-08-29 19:57,
2005-07-31,1,2005,4,SB,NA,NA,12404,"12,404",21:00:00,17:45:00,3:15:00,-3.25,212,20:42:00,0:18:00,-0.3,614,0.020201954,2005-07-31 21:00,2005-07-31 17:45,2005-07-31 20:42,
2005-08-21,2,2005,5,SB,NA,NA,7618,"6,897",20:30:00,22:25:00,1:55:00,1.92,233,20:11:00,0:19:00,-0.32,743.6,0.010244755,2005-08-21 20:30,2005-08-21 22:25,2005-08-21 20:11,
2005-09-11,3,2005,5,SB,NA,NA,1206,763,20:30:00,13:49:00,6:41:00,-6.68,254,19:34:00,0:56:00,-0.93,450,0.00268,2005-09-11 20:30,2005-09-11 13:49,2005-09-11 19:34,
2006-07-22,1,2006,2,SB,NA,NA,260,"21,886",21:00:00,19:04:00,1:56:00,-1.93,203,20:52:00,0:08:00,-0.13,530,0.000490566,2006-07-22 21:00,2006-07-22 19:04,2006-07-22 20:52,
2006-08-06,2,2006,4,SB,NA,NA,586,0,21:00:00,18:21:00,2:39:00,-2.65,218,20:35:00,0:25:00,-0.42,600,0.000976667,2006-08-06 21:00,2006-08-06 18:21,2006-08-06 20:35,
2006-08-19,3,2006,4,SB,NA,NA,1966,"8,979",21:00:00,17:51:00,3:09:00,-3.15,231,20:15:00,0:45:00,-0.75,650,0.003024615,2006-08-19 21:00,2006-08-19 17:51,2006-08-19 20:15,
2007-07-14,1,2007,3,SB,NA,NA,8899,"8,899",21:00:00,21:00:00,0:00:00,0,195,20:59:00,0:01:00,-0.02,746,0.011928954,2007-07-14 21:00,2007-07-14 21:00,2007-07-14 20:59,
2007-07-28,2,2007,4,SB,NA,NA,31962,"30,760",21:30:00,19:58:00,1:32:00,-1.53,209,20:46:00,0:44:00,-0.73,636,0.050254717,2007-07-28 21:30,2007-07-28 19:58,2007-07-28 20:46,
2007-08-11,3,2007,4,SB,NA,NA,8806,"4,457",21:00:00,20:00:00,1:00:00,-1,223,20:28:00,0:32:00,-0.53,656,0.01342378,2007-08-11 21:00,2007-08-11 20:00,2007-08-11 20:28,
2007-08-25,4,2007,4,SB,NA,NA,3032,"1,730",21:00:00,18:42:00,2:18:00,-2.3,237,20:05:00,0:55:00,-0.92,639.53,0.004740982,2007-08-25 21:00,2007-08-25 18:42,2007-08-25 20:05,
2008-07-12,1,2008,3,SB,NA,NA,5912,"5,992",21:30:00,16:30:00,5:00:00,-5,194,21:00:00,0:30:00,-0.5,636,0.009295597,2008-07-12 21:30,2008-07-12 16:30,2008-07-12 21:00,
2008-07-26,2,2008,5,SB,NA,NA,14238,"13,509",21:30:00,14:30:00,7:00:00,-7,208,20:48:00,0:42:00,-0.7,696,0.020456897,2008-07-26 21:30,2008-07-26 14:30,2008-07-26 20:48,
2008-08-09,3,2008,6,SB,NA,NA,3144,"1,257",21:00:00,14:40:00,6:20:00,-6.33,222,20:30:00,0:30:00,-0.5,150,0.02096,2008-08-09 21:00,2008-08-09 14:40,2008-08-09 20:30,
2009-06-27,1,2009,3,SB,NA,NA,7542,"7,542",21:00:00,3:00:00,6:00:00,6,178,21:05:00,0:05:00,0.08,726,0.01038843,2009-06-27 21:00,2009-06-28 3:00,2009-06-27 21:05,
2009-07-11,2,2009,6,SB,NA,NA,45744,"44,725",21:00:00,2:00:00,5:00:00,5,192,21:00:00,0:00:00,0,716,0.063888268,2009-07-11 21:00,2009-07-12 2:00,2009-07-11 21:00,
2009-07-25,3,2009,6,SB,NA,NA,19338,"13,133",21:30:00,3:00:00,5:30:00,5.5,206,20:49:00,0:41:00,-0.68,816,0.023698529,2009-07-25 21:30,2009-07-26 3:00,2009-07-25 20:49,
2009-08-08,4,2009,6,SB,NA,NA,14877,"12,103",21:30:00,1:00:00,3:30:00,3.5,220,20:32:00,0:58:00,-0.97,800,0.01859625,2009-08-08 21:30,2009-08-09 1:00,2009-08-08 20:32,
2009-08-21,5,2009,5,SB,NA,NA,256,0,21:00:00,0:00:00,3:00:00,3,233,20:12:00,0:48:00,-0.8,101.9,0.002512267,2009-08-21 21:00,2009-08-22 0:00,2009-08-21 20:12,
2010-06-26,1,2010,3,SB,NA,NA,11136,11136,21:30:00,23:58:00,2:28:00,2.47,177,21:11:00,0:19:00,-0.32,430,0.025897674,2010-06-26 21:30,2010-06-26 23:58,2010-06-26 21:11,
2010-07-10,2,2010,6,SB,NA,NA,17172,"21,808",20:00:00,23:00:00,3:00:00,3,191,21:01:00,1:01:00,1.02,700,0.024531429,2010-07-10 20:00,2010-07-10 23:00,2010-07-10 21:01,
2010-07-24,3,2010,8,SB,NA,NA,9439,"6,493",20:30:00,23:49:31,3:19:31,3.33,205,20:50:00,0:20:00,0.33,800,0.01179875,2010-07-24 20:30,2010-07-24 23:49,2010-07-24 20:50,
2010-08-07,4,2010,11,SB,NA,NA,13528,"12,176",21:30:00,22:00:00,0:30:00,0.5,219,20:33:00,0:57:00,-0.95,825,0.016397576,2010-08-07 21:30,2010-08-07 22:00,2010-08-07 20:33,
2010-08-21,5,2010,5,SB,NA,NA,8011,"6,150",21:00:00,23:00:00,2:00:00,2,233,20:11:00,0:49:00,-0.82,640,0.012517188,2010-08-21 21:00,2010-08-21 23:00,2010-08-21 20:11,
2010-09-05,6,2010,5,SB,NA,NA,1238,261,21:00:00,21:00:00,0:00:00,0,248,19:45:00,1:15:00,-1.25,660,0.001875758,2010-09-05 21:00,2010-09-05 21:00,2010-09-05 19:45,
2011-07-02,1,2011,6,SB,NA,NA,37706,"37,706",21:00:00,1:00:00,4:00:00,4,183,21:04:00,0:04:00,0.07,923,0.040851571,2011-07-02 21:00,2011-07-03 1:00,2011-07-02 21:04,
2011-07-16,2,2011,6,SB,NA,NA,38600,"33,507",21:00:00,2:00:00,5:00:00,5,197,20:57:00,0:03:00,-0.05,938,0.041151386,2011-07-16 21:00,2011-07-17 2:00,2011-07-16 20:57,
2011-07-30,3,2011,7,SB,NA,NA,33725,"29,229",21:30:00,0:03:43,2:33:43,2.56,211,20:44:00,0:46:00,-0.77,910,0.03706044,2011-07-30 21:30,2011-07-31 0:03,2011-07-30 20:44,
2011-08-13,4,2011,6,SB,NA,NA,5598,"12,091",21:00:00,1:00:00,4:00:00,4,225,20:25:00,0:35:00,-0.58,921,0.006078176,2011-08-13 21:00,2011-08-14 1:00,2011-08-13 20:25,
2011-08-26,5,2011,6,SB,NA,NA,8865,"10,052",21:00:00,22:00:00,1:00:00,1,238,20:04:00,0:56:00,-0.93,925,0.009583784,2011-08-26 21:00,2011-08-26 22:00,2011-08-26 20:04,
2012-06-30,1,2012,12,SB,NA,NA,59795,"59,795",21:00:00,21:00:00,0:00:00,0,182,21:04:00,0:04:00,0.07,840,0.071184524,2012-06-30 21:00,2012-06-30 21:00,2012-06-30 21:04,
2012-07-14,2,2012,12,SB,NA,NA,55787,"47,710",21:00:00,21:00:00,0:00:00,0,196,20:58:00,0:02:00,-0.03,818,0.068199267,2012-07-14 21:00,2012-07-14 21:00,2012-07-14 20:58,
2012-07-28,3,2012,11,SB,NA,NA,38756,"31,009",21:00:00,20:00:00,1:00:00,-1,210,20:45:00,0:15:00,-0.25,743,0.052161507,2012-07-28 21:00,2012-07-28 20:00,2012-07-28 20:45,
2012-08-11,4,2012,8,SB,NA,NA,20939,"15,507",21:00:00,20:00:00,1:00:00,-1,224,20:27:00,0:33:00,-0.55,703,0.029785206,2012-08-11 21:00,2012-08-11 20:00,2012-08-11 20:27,
2012-08-25,5,2012,7,SB,NA,NA,9550,"6,585",21:00:00,18:00:00,3:00:00,-3,238,20:04:00,0:56:00,-0.93,670,0.014253731,2012-08-25 21:00,2012-08-25 18:00,2012-08-25 20:04,
2013-06-22,1,2013,7,SB,NA,NA,13245,"13,245",21:00:00,23:00:00,2:00:00,2,173,21:04:00,0:04:00,0.07,746,0.017754692,2013-06-22 21:00,2013-06-22 23:00,2013-06-22 21:04,
2013-07-06,2,2013,8,SB,NA,NA,8098,"6,309",22:00:00,23:48:58,1:48:58,1.82,187,21:03:00,0:57:00,-0.95,903,0.008967885,2013-07-06 22:00,2013-07-06 23:48,2013-07-06 21:03,
2013-07-21,3,2013,9,SB,NA,NA,11950,"10,961",22:00:00,23:00:00,1:00:00,1,202,20:53:00,1:07:00,-1.12,834,0.014328537,2013-07-21 22:00,2013-07-21 23:00,2013-07-21 20:53,
2013-08-03,4,2013,9,SB,NA,NA,9759,"7,948",23:00:00,23:00:00,0:00:00,0,215,20:38:00,2:22:00,-2.37,864,0.011295139,2013-08-03 23:00,2013-08-03 23:00,2013-08-03 20:38,
2013-08-17,5,2013,6,SB,NA,NA,15068,"13,625",22:00:00,21:00:00,1:00:00,-1,229,20:18:00,1:42:00,-1.7,748,0.020144385,2013-08-17 22:00,2013-08-17 21:00,2013-08-17 20:18,
2013-08-31,6,2013,4,SB,NA,NA,13917,"11,847",22:00:00,21:00:00,1:00:00,-1,243,19:54:00,2:06:00,-2.1,673,0.020679049,2013-08-31 22:00,2013-08-31 21:00,2013-08-31 19:54,
2013-09-14,7,2013,4,SB,NA,NA,4181,"2,248",20:30:00,19:00:00,1:30:00,-1.5,257,19:28:00,1:02:00,-1.03,485,0.008620619,2013-09-14 20:30,2013-09-14 19:00,2013-09-14 19:28,
2014-06-21,1,2014,7,SB,NA,NA,58893,"57,552",21:00:00,20:00:00,1:00:00,-1,172,21:04:00,0:04:00,0.07,924,0.063737013,2014-06-21 21:00,2014-06-21 20:00,2014-06-21 21:04,
2014-07-08,2,2014,7,SB,NA,NA,108061,"101,274",21:00:00,21:00:00,0:00:00,0,189,21:02:00,0:02:00,0.03,919,0.117585419,2014-07-08 21:00,2014-07-08 21:00,2014-07-08 21:02,
2014-07-19,3,2014,6,SB,NA,NA,24953,"5,208",20:00:00,18:00:00,2:00:00,-2,200,20:55:00,0:55:00,0.92,738,0.033811653,2014-07-19 20:00,2014-07-19 18:00,2014-07-19 20:55,
2014-08-02,4,2014,8,SB,NA,NA,20876,"14,545",20:00:00,17:00:00,3:00:00,-3,214,20:40:00,0:40:00,0.67,919,0.022715996,2014-08-02 20:00,2014-08-02 17:00,2014-08-02 20:40,
2014-08-16,5,2014,6,SB,NA,NA,7511,"4,325",21:00:00,17:00:00,4:00:00,-4,228,20:20:00,0:40:00,-0.67,740,0.01015,2014-08-16 21:00,2014-08-16 17:00,2014-08-16 20:20,
2014-08-30,6,2014,3,SB,NA,NA,10639,"8,098",21:00:00,15:00:00,6:00:00,-6,242,19:56:00,1:04:00,-1.07,744,0.014299731,2014-08-30 21:00,2014-08-30 15:00,2014-08-30 19:56,
2015-06-27,1,2015,7,SB,NA,NA,82428,"82,428",21:00:00,21:00:00,0:00:00,0,178,21:05:00,0:05:00,0.08,728,0.113225275,2015-06-27 21:00,2015-06-27 21:00,2015-06-27 21:05,
2015-07-11,2,2015,7,SB,NA,NA,81672,"70,538",21:00:00,21:00:00,0:00:00,0,192,21:01:00,0:01:00,0.02,816,0.100088235,2015-07-11 21:00,2015-07-11 21:00,2015-07-11 21:01,
2015-07-25,3,2015,8,SB,NA,NA,41192,"29,868",21:00:00,19:00:00,2:00:00,-2,206,20:49:00,0:11:00,-0.18,880,0.046809091,2015-07-25 21:00,2015-07-25 19:00,2015-07-25 20:49,
2015-08-08,4,2015,8,SB,NA,NA,34234,"28,382",20:00:00,19:00:00,1:00:00,-1,220,20:32:00,0:32:00,0.53,932,0.03673176,2015-08-08 20:00,2015-08-08 19:00,2015-08-08 20:32,
2015-08-22,5,2015,6,SB,NA,NA,29424,"24,654",20:00:00,19:00:00,1:00:00,-1,234,20:10:00,0:10:00,0.17,654,0.044990826,2015-08-22 20:00,2015-08-22 19:00,2015-08-22 20:10,
2015-09-05,6,2015,3,SB,NA,NA,16245,"13,355",19:30:00,21:00:00,1:30:00,1.5,248,19:46:00,0:16:00,0.27,673,0.024138187,2015-09-05 19:30,2015-09-05 21:00,2015-09-05 19:46,
2016-06-18,1,2016,5,SB,25181,NA,23989,"23,989",21:00:00,23:00:00,2:00:00,2,170,21:04:00,0:04:00,0.07,665.16,0.036065007,2016-06-18 21:00,2016-06-18 23:00,2016-06-18 21:04,
2016-07-02,2,2016,6,SB,43493,NA,41093,"37,853",21:00:00,23:00:00,2:00:00,2,184,21:04:00,0:04:00,0.07,720.91,0.057001567,2016-07-02 21:00,2016-07-02 23:00,2016-07-02 21:04,
2016-07-16,3,2016,9,SB,10007,NA,9423,"3,788",21:00:00,22:00:00,1:00:00,1,198,20:57:00,0:03:00,-0.05,859.56,0.010962586,2016-07-16 21:00,2016-07-16 22:00,2016-07-16 20:57,
2016-07-30,4,2016,9,SB,11074,NA,11165,"9,747",20:00:00,21:00:00,1:00:00,1,212,20:43:00,0:43:00,0.72,855,0.01305848,2016-07-30 20:00,2016-07-30 21:00,2016-07-30 20:43,
2016-08-13,5,2016,8,SB,26933,NA,26951,"25,409",20:00:00,21:00:00,1:00:00,1,226,20:24:00,0:24:00,0.4,854.46,0.031541558,2016-08-13 20:00,2016-08-13 21:00,2016-08-13 20:24,
2016-08-27,6,2016,6,SB,3252,NA,3047,0,19:30:00,21:00:00,1:30:00,1.5,240,20:00:00,0:30:00,0.5,623.96,0.004883326,2016-08-27 19:30,2016-08-27 21:00,2016-08-27 20:00,
2017-06-21,1,2017,6,SB,91726,75258,75364,"75,364",22:00:00,22:00:00,0:00:00,0,172,21:04:00,0:56:00,-0.93,626.84,0.120228447,2017-06-21 22:00,2017-06-21 22:00,2017-06-21 21:04,
2017-07-01,2,2017,7,SB,27680,27638,26669,"11,677",21:00:00,19:00:00,2:00:00,-2,182,21:04:00,0:04:00,0.07,744.17,0.035837241,2017-07-01 21:00,2017-07-01 19:00,2017-07-01 21:04,
2017-07-15,3,2017,8,SB,24775,25065,24731,"18,685",20:30:00,17:00:00,3:30:00,-3.5,196,20:58:00,0:28:00,0.47,858.04,0.028822666,2017-07-15 20:30,2017-07-15 17:00,2017-07-15 20:58,
2017-07-29,4,2017,7,SB,6916,6329,6270,"2,835",20:30:00,18:00:00,2:30:00,-2.5,210,20:44:00,0:14:00,0.23,738.68,0.008488114,2017-07-29 20:30,2017-07-29 18:00,2017-07-29 20:44,
2017-08-12,5,2017,7,SB,22106,18126,17959,"17,025",19:00:00,16:00:00,3:00:00,-3,224,20:25:00,1:25:00,1.42,729.74,0.024610135,2017-08-12 19:00,2017-08-12 16:00,2017-08-12 20:25,
2017-08-26,6,2017,8,SB,13763,12143,11923,"9,475",20:00:00,16:00:00,4:00:00,-4,238,20:03:00,0:03:00,0.05,854.25,0.013957272,2017-08-26 20:00,2017-08-26 16:00,2017-08-26 20:03,
2017-09-08,7,2017,3,SB,10284,10576,8188,"6,222",20:00:00,14:00:00,6:00:00,-6,251,19:48:00,0:12:00,-0.2,346.21,0.023650386,2017-09-08 20:00,2017-09-08 14:00,2017-09-08 19:48,
2017-09-23,8,2017,3,SB,2310,1925,1751,710,19:30:00,15:00:00,4:30:00,-4.5,266,19:11:00,0:19:00,-0.32,343.36,0.005099604,2017-09-23 19:30,2017-09-23 15:00,2017-09-23 19:11,
2018-06-09,1,2018,6,SB,81722,81722,77909,"77,909",20:30:00,20:30:00,0:00:00,0,160,20:59:00,0:29:00,0.48,679.86,0.114595652,2018-06-09 20:30,2018-06-09 20:30,2018-06-09 20:59,
2018-06-23,2,2018,7,SB,29877,18838,26660,"16,137",21:30:00,21:30:00,0:00:00,0,174,21:05:00,0:25:00,-0.42,759.25,0.025822851,2018-06-23 21:30,2018-06-23 21:30,2018-06-23 21:05,
2018-07-07,3,2018,8,SB,35684,31360,32523,"28,647",20:30:00,19:00:00,1:30:00,-1.5,188,21:02:00,0:32:00,0.53,840.89,0.038676878,2018-07-07 20:30,2018-07-07 19:00,2018-07-07 21:02,
2018-07-21,4,2018,6,SB,4887,0,4063,0,21:00:00,20:00:00,1:00:00,-1,202,20:53:00,0:07:00,-0.12,600.02,0,2018-07-21 21:00,2018-07-21 20:00,2018-07-21 20:53,
2018-08-05,5,2018,7,SB,7314,6718,6480,"5,984",20:30:00,19:00:00,1:30:00,-1.5,217,20:36:00,0:06:00,0.1,839.04,0.00713196,2018-08-05 20:30,2018-08-05 19:00,2018-08-05 20:36,
2018-08-18,6,2018,8,SB,6087,4134,5163,"4,182",20:30:00,19:00:00,1:30:00,-1.5,230,20:16:00,0:14:00,-0.23,633.31,0.005431779,2018-08-18 20:30,2018-08-18 19:00,2018-08-18 20:16,
2018-09-02,7,2018,8,SB,7719,6246,6108,"5,819",20:00:00,17:00:00,3:00:00,-3,245,19:51:00,0:09:00,-0.15,836.23,0.006235127,2018-09-02 20:00,2018-09-02 17:00,2018-09-02 19:51,
2018-09-15,8,2018,3,SB,2027,0,365,973,19:30:00,17:00:00,2:30:00,-2.5,258,19:27:00,0:03:00,-0.05,340.8,0.000598592,2018-09-15 19:30,2018-09-15 17:00,2018-09-15 19:27,
2019-06-08,1,2019,6,SB,58532,58532,19443,"19,443",20:30:00,16:00:00,4:30:00,-4.5,159,20:59:00,0:29:00,0.48,793.98,0.064822792,2019-06-08 20:30,2019-06-08 16:00,2019-06-08 20:59,Original Report Biomass numbers. Changed 25/08/2023 - 51468
2019-06-22,2,2019,7,SB,42750,34844,54671,"50,468",20:00:00,17:00:00,3:00:00,-3,173,21:04:00,1:04:00,1.07,802.91,0.037995541,2019-06-22 20:00,2019-06-22 17:00,2019-06-22 21:04,"37,459"
2019-07-06,3,2019,6,SB,21103,15122,21171,"16,508",19:30:00,15:00:00,4:30:00,-4.5,187,21:03:00,1:33:00,1.55,771.08,0.020358458,2019-07-06 19:30,2019-07-06 15:00,2019-07-06 21:03,"20,940"
2019-07-20,4,2019,5,SB,11148,8147,12150,"8,475",19:30:00,15:16:49,4:13:11,-4.22,201,20:54:00,1:24:00,1.4,803.33,0.005915377,2019-07-20 19:30,2019-07-20 15:16,2019-07-20 20:54,"7,713"
2019-08-04,5,2019,6,SB,3587.65,2228,12604,"9,324",19:30:00,15:00:00,4:30:00,-4.5,216,20:38:00,1:08:00,1.13,799.84,0.002858072,2019-08-04 19:30,2019-08-04 15:00,2019-08-04 20:38,3227 - Last survey with outbox data.
2019-08-18,6,2019,7,SB,13432,12947,12319,"12,220",21:00:00,15:00:00,6:00:00,-6,230,20:17:00,0:43:00,-0.72,639.72,0.018575314,2019-08-18 21:00,2019-08-18 15:00,2019-08-18 20:17,"12,319"
2019-09-01,7,2019,8,SB,14227,12400,12000,"10,373",20:00:00,1:00:00,5:00:00,5,244,19:53:00,0:07:00,-0.12,624.66,0.016528992,2019-09-01 20:00,2019-09-02 1:00,2019-09-01 19:53,"12,000"
2019-09-15,8,2019,6,SB,9692,7723,8077,"6,520",19:00:00,13:00:00,6:00:00,-6,258,19:27:00,0:27:00,0.45,613.9,0.010444698,2019-09-15 19:00,2019-09-15 13:00,2019-09-15 19:27,"8,077"
2020-06-02,1,2020,1,SB,14718,14718,13994,13994,21:00:00,22:00:00,1:00:00,1,154,21:01:00,0:01:00,0.02,50.1,0.214770459,2020-06-02 21:00,2020-06-02 22:00,2020-06-02 21:01,
2020-06-13,2,2020,6,SB,11954,9292,11267,8483,20:00:00,19:00:00,1:00:00,-1,165,21:08:00,1:08:00,1.13,664.7,0.013732511,2020-06-13 20:00,2020-06-13 19:00,2020-06-13 21:08,
2020-06-27,3,2020,6,SB,42174,40191,40114,38133,20:30:00,17:00:00,3:30:00,-3.5,179,21:11:00,0:41:00,0.68,673.7,0.058802137,2020-06-27 20:30,2020-06-27 17:00,2020-06-27 21:11,
2020-07-11,4,2020,8,SB,28119,22380,25904,20446,20:30:00,17:30:00,3:00:00,-3,193,21:06:00,0:36:00,0.6,680.6,0.032637379,2020-07-11 20:30,2020-07-11 17:30,2020-07-11 21:06,
2020-07-26,5,2020,7,SB,23865,20435,23669,20510,20:00:00,17:00:00,3:00:00,-3,208,20:53:00,0:53:00,0.88,664.8,0.030756619,2020-07-26 20:00,2020-07-26 17:00,2020-07-26 20:53,
2020-08-08,6,2020,9,SB,41914,38690,37375,34178,20:00:00,17:00:00,3:00:00,-3,221,20:37:00,0:37:00,0.62,665.2,0.061095911,2020-08-08 20:00,2020-08-08 17:00,2020-08-08 20:37,
2020-08-23,7,2020,8,SB,28159,22413,26738,21606,19:30:00,17:00:00,2:30:00,-2.5,236,20:12:00,0:42:00,0.7,670.5,0.034826249,2020-08-23 19:30,2020-08-23 17:00,2020-08-23 20:12,
2020-09-06,8,2020,8,SB,20186,16234,21069,17325,19:00:00,16:00:00,3:00:00,-3,250,19:47:00,0:47:00,0.78,663.2,0.025975573,2020-09-06 19:00,2020-09-06 16:00,2020-09-06 19:47,
2020-09-20,9,2020,4,SB,10122,7296,10108,4384,18:00:00,17:00:00,1:00:00,-1,264,19:20:00,1:20:00,1.33,312.1,0.015280359,2020-09-20 18:00,2020-09-20 17:00,2020-09-20 19:20,
2021-05-24,1,2021,3,SB,4502,4502,4323,4302,21:00:00,22:36:00,1:36:00,1.6,,20:53:00,0:07:00,-0.12,,#DIV/0!,2021-05-24 21:00,2021-05-24 22:36,2021-05-24 20:53,
2021-06-06,2,2021,6,SB,13947,13339,3591,2881,21:00:00,22:00:00,1:00:00,1,156,21:03:00,0:03:00,0.05,622,0.005773312,2021-06-06 21:00,2021-06-06 22:00,2021-06-06 21:03,
2021-06-19,3,2021,8,SB,7056,4685,4440,3879,20:30:00,19:00:00,1:30:00,-1.5,169,20:06:00,0:24:00,-0.4,623,0.007126806,2021-06-19 20:30,2021-06-19 19:00,2021-06-19 20:06,
2021-07-04,4,2021,9,SB,9104,8098,6317,5861,21:00:00,21:00:00,0:00:00,0,184,20:06:00,0:54:00,-0.9,,#DIV/0!,2021-07-04 21:00,2021-07-04 21:00,2021-07-04 20:06,
2021-07-17,5,2021,8,SB,4985,3602,3478,3462,20:30:00,17:58:00,2:32:00,-2.53,198,20:54:00,0:24:00,0.4,621,0.005600644,2021-07-17 20:30,2021-07-17 17:58,2021-07-17 20:54,
2021-08-02,6,2021,8,SB,10364,9817,5011,4587,20:30:00,19:33:00,0:57:00,-0.95,214,20:36:00,0:06:00,0.1,621,0.008069243,2021-08-02 20:30,2021-08-02 19:33,2021-08-02 20:36,km^2 could also be 13
2021-08-15,7,2021,7,SB,7705,6159,5262,4586,20:30:00,17:32:00,2:58:00,-2.97,227,20:17:00,0:13:00,-0.22,616,0.008542208,2021-08-15 20:30,2021-08-15 17:32,2021-08-15 20:17,
2021-08-29,8,2021,9,SB,3602,2453,4494,3765,21:00:00,18:01:00,2:59:00,-2.98,241,19:54:00,1:06:00,-1.1,612,0.007343137,2021-08-29 21:00,2021-08-29 18:01,2021-08-29 19:54,
2021-09-13,9,2021,9,SB,38584,38109,38553,36508,19:30:00,17:11:00,2:19:00,-2.32,256,19:26:00,0:04:00,-0.07,615,0.062687805,2021-09-13 19:30,2021-09-13 17:11,2021-09-13 19:26,
2021-09-26,10,2021,3,SB,1456,0,1334,0,19:30:00,16:38:00,2:52:00,-2.87,269,19:01:00,0:29:00,-0.48,343,0.003889213,2021-09-26 19:30,2021-09-26 16:38,2021-09-26 19:01,
2022-05-29,1,2022,3,SB,90746,90746,99092,99092,22:00:00,0:36:00,2:36:00,2.6,149,20:48:00,1:12:00,-1.2,654,0.15151682,2022-05-29 22:00,2022-05-30 0:36,2022-05-29 20:48,
2022-06-12,2,2022,8,SB,104368,92111,113792,100407,22:00:00,22:25:00,0:25:00,0.42,163,20:59:00,1:01:00,-1.02,618,0.18412945,2022-06-12 22:00,2022-06-12 22:25,2022-06-12 20:59,
2022-06-26,3,2022,7,SB,34199,19781,29429,13709,22:00:00,23:23:00,1:23:00,1.38,177,21:02:00,0:58:00,-0.97,638,0.046126959,2022-06-26 22:00,2022-06-26 23:23,2022-06-26 21:02,
2022-07-10,4,2022,5,SB,10537,5549,7892,3515,22:00:00,21:07:00,0:53:00,-0.88,191,20:59:00,1:01:00,-1.02,524,0.015061069,2022-07-10 22:00,2022-07-10 21:07,2022-07-10 20:59,
2022-07-26,5,2022,6,SB,13060,11904,11402,10536,22:00:00,23:34:00,1:34:00,1.57,207,20:45:00,1:15:00,-1.25,628,0.018156051,2022-07-26 22:00,2022-07-26 23:34,2022-07-26 20:45,
2022-08-07,6,2022,8,SB,5250,3067,6150,4248,21:00:00,19:43:00,1:17:00,-1.28,219,20:30:00,0:30:00,-0.5,625,0.00984,2022-08-07 21:00,2022-08-07 19:43,2022-08-07 20:30,
2022-08-21,7,2022,7,SB,4392,3453,4688,3656,21:00:00,20:39:00,0:21:00,-0.35,233,20:08:00,0:52:00,-0.87,607,0.007723229,2022-08-21 21:00,2022-08-21 20:39,2022-08-21 20:08,
2022-09-05,8,2022,7,SB,21908,21372,21420,20848,20:00:00,19:23:00,0:37:00,-0.62,248,19:41:00,0:19:00,-0.32,626,0.034217252,2022-09-05 20:00,2022-09-05 19:23,2022-09-05 19:41,
2022-09-18,9,2022,4,SB,8133,4850,7283,0,20:00:00,19:05:00,0:55:00,-0.92,261,19:17:00,0:43:00,-0.72,525,0.013872381,2022-09-18 20:00,2022-09-18 19:05,2022-09-18 19:17,
2022-10-03,10,2022,3,SB,4392.388689,3323,4152,0,20:00:00,18:03:00,1:57:00,-1.95,276,18:48:00,1:12:00,-1.2,406,0.010226601,2022-10-03 20:00,2022-10-03 18:03,2022-10-03 18:48,
2023-06-06,2,2023,8,SB,113767.329,108783,NA,,21:00:00,20:01:00,0:59:00,-0.98,157,20:55:00,0:05:00,-0.08,,#VALUE!,2023-06-06 21:00,2023-06-06 20:01,2023-06-06 20:55,
2023-06-18,3,2023,5,SB,34279.38654,15158,NA,,20:30:00,19:19:00,1:11:00,-1.18,169,21:01:00,0:31:00,0.52,,#VALUE!,2023-06-18 20:30,2023-06-18 19:19,2023-06-18 21:01,
2023-07-02,4,2023,6,SB,11744.77555,5113,NA,,20:00:00,23:18:00,3:18:00,3.3,183,21:02:00,1:02:00,1.03,,#VALUE!,2023-07-02 20:00,2023-07-02 23:18,2023-07-02 21:02,
2023-07-16,5,2023,6,SB,19282.63352,17575,NA,,21:30:00,18:09:00,3:21:00,-3.35,197,20:55:00,0:35:00,-0.58,,#VALUE!,7-16-23 21:30,7-16-23 18:09,7-16-23 20:55,
2023-07-30,6,2023,7,SB,4549.932831,1904,,,20:30:00,22:06:00,1:36:00,1.6,211,20:41:00,0:11:00,0.18,,,2023-07-30 20:30,2023-07-30 22:06,2023-07-30 20:41,
2023-08-06,1,2023,5,GB,2686.514468,2686.514468,,,20:30:00,15:19:00,5:11:00,-5.18,218,20:32:00,0:02:00,0.03,,,2023-08-06 20:30,2023-08-06 15:19,2023-08-06 20:32,
2023-08-13,7,2023,6,SB,4298.805618,3616,,,20:30:00,22:59:00,2:29:00,2.48,225,20:31:00,0:01:00,0.02,,,2023-08-13 20:30,2023-08-13 22:59,2023-08-13 20:31,
2023-08-20,2,2023,9,GB,4930.453949,4406.48553,,,20:30:00,14:05:00,6:25:00,-6.42,232,20:20:00,0:10:00,-0.17,,,2023-08-20 20:30,2023-08-20 14:05,2023-08-20 20:20,
2023-08-27,8,2023,8,SB,2896.658984,2300,,,20:00:00,20:48:00,0:48:00,0.8,239,20:11:00,0:11:00,0.18,,,2023-08-27 20:00,2023-08-27 20:48,2023-08-27 20:11,
2023-09-03,3,2023,9,GB,9959.441205,8901,,,20:30:00,2:26:00,5:56:00,5.93,246,19:58:00,0:32:00,-0.53,,,2023-09-03 20:30,2023-09-04 2:26,2023-09-03 19:58,
2023-09-10,9,2023,8,SB,3053.668807,2916,,,20:00:00,21:41:00,1:41:00,1.68,253,19:54:00,0:06:00,-0.1,,,2023-09-10 20:00,2023-09-10 21:41,2023-09-10 19:54,
2023-09-13,4,2023,9,GB,16266,13203,,,20:30:00,23:07:00,2:37:00,2.62,253,19:39:00,0:51:00,-0.85,,,2023-09-13 20:30,2023-09-13 23:07,2023-09-13 19:39,
2023-09-27,5,2023,9,GB,15242,11360,,,20:00:00,21:48:00,1:48:00,1.8,253,19:13:00,0:47:00,-0.78,,,2023-09-27 20:00,2023-09-27 21:48,2023-09-27 19:13,
2023-10-11,6,2023,5,GB,23614,20057,,,20:00:00,21:44:00,1:44:00,1.73,253,18:48:00,1:12:00,-1.2,,,2023-10-11 20:00,2023-10-11 21:44,2023-10-11 18:48,
2023-10-24,7,2023,8,GB,11184,5502,,,19:00:00,18:26:00,0:34:00,-0.57,253,18:27:00,0:33:00,-0.55,,,2023-10-24 19:00,2023-10-24 18:26,2023-10-24 18:27,
2023-09-24,10,2023,4,SB,3420,2997,,,20:00:00,19:26:00,0:34:00,-0.57,253,19:14:00,0:46:00,-0.77,,,2023-09-24 20:00,2023-09-24 19:26,2023-09-24 19:14,
2023-10-09,11,2023,4,SB,3388,2971,,,19:00:00,21:07:00,2:07:00,2.12,253,18:46:00,0:14:00,-0.23,,,2023-10-09 19:00,2023-10-09 21:07,2023-10-09 18:46,
