id,Region_ID,Region_name,Region_class,Process_ID,Interval,Layer,Depth_mean,Ping_S,Ping_E,Dist_S,Dist_E,Date_S,Time_S,Date_E,Time_E,Lat_S,Lon_S,Lat_E,Lon_E,Program_version,Processing_date,Processing_time,EV_filename,PRC_ABC,Frequency,Region_notes
1,1,FM_T01,Transect,168,3,1,36.945705,883,1083,2240.896224,2996.041038,20240908, 20:36:24.9690,20240908, 20:39:44.9690,45.08914656,-65.23095045,45.09204344,-65.22245605,14.0.213.0,20240913, 13:20:23.0980,FM_Sep08_2024,2.05798E-05,38,
2,1,FM_T01,Transect,168,4,1,35.823232,1084,1329,3000.975308,3995.288212,20240908, 20:39:45.9700,20240908, 20:43:50.9690,45.09206197,-65.22239909,45.09588757,-65.21125091,14.0.213.0,20240913, 13:20:23.0980,FM_Sep08_2024,1.32719E-05,38,
3,1,FM_T01,Transect,168,5,1,32.889221,1330,1578,4000.160027,4998.726338,20240908, 20:43:51.9690,20240908, 20:47:59.9690,45.09590795,-65.21119619,45.09971298,-65.19995105,14.0.213.0,20240913, 13:20:23.0980,FM_Sep08_2024,0.000209901,38,
4,1,FM_T01,Transect,168,6,1,32.000638,1579,1834,5000.983833,5995.911767,20240908, 20:48:00.9690,20240908, 20:52:15.9690,45.09972032,-65.19992442,45.10356635,-65.18883692,14.0.213.0,20240913, 13:20:23.0980,FM_Sep08_2024,8.5808E-06,38,
5,1,FM_T01,Transect,168,7,1,35.809391,1835,2093,6000.677265,6996.173288,20240908, 20:52:16.9810,20240908, 20:56:34.9690,45.1035813,-65.18878017,45.10735179,-65.17765325,14.0.213.0,20240913, 13:20:23.0980,FM_Sep08_2024,1.38435E-05,38,
6,1,FM_T01,Transect,168,8,1,36.595208,2094,2352,7000.943918,7999.018996,20240908, 20:56:35.9700,20240908, 21:00:53.9700,45.10736743,-65.17759685,45.11117673,-65.16640013,14.0.213.0,20240913, 13:20:23.0980,FM_Sep08_2024,1.03588E-05,38,
7,1,FM_T01,Transect,168,9,1,37.479541,2353,2607,8003.418778,8997.512467,20240908, 21:00:54.9690,20240908, 21:05:08.9690,45.11119354,-65.16635004,45.11501865,-65.15522983,14.0.213.0,20240913, 13:20:23.0980,FM_Sep08_2024,9.93995E-06,38,
8,1,FM_T01,Transect,168,10,1,37.184214,2608,2856,9000.95029,9995.614075,20240908, 21:05:09.9690,20240908, 21:09:17.9690,45.11502833,-65.15518833,45.11883243,-65.14403809,14.0.213.0,20240913, 13:20:23.0980,FM_Sep08_2024,1.08408E-05,38,
9,1,FM_T01,Transect,168,11,1,34.950293,2857,3099,10000.29217,10996.88077,20240908, 21:09:18.9690,20240908, 21:13:20.9690,45.11885071,-65.14398454,45.12267632,-65.13276674,14.0.213.0,20240913, 13:20:23.0980,FM_Sep08_2024,2.70194E-05,38,
10,1,FM_T01,Transect,168,12,1,35.301821,3100,3350,11001.26292,11997.61217,20240908, 21:13:21.9810,20240908, 21:17:31.9690,45.12269017,-65.1327146,45.12649728,-65.12151409,14.0.213.0,20240913, 13:20:23.0980,FM_Sep08_2024,1.36142E-05,38,
11,1,FM_T01,Transect,168,13,1,34.977729,3351,3615,12000.8513,12996.36935,20240908, 21:17:32.9690,20240908, 21:21:56.9690,45.1265143,-65.12148133,45.13029949,-65.11038227,14.0.213.0,20240913, 13:20:23.0980,FM_Sep08_2024,1.35017E-05,38,
12,1,FM_T01,Transect,168,14,1,34.190675,3616,3883,13000.24476,13997.68845,20240908, 21:21:57.9690,20240908, 21:26:24.9690,45.13030605,-65.11033457,45.13413485,-65.09916943,14.0.213.0,20240913, 13:20:23.0980,FM_Sep08_2024,1.06921E-05,38,
13,1,FM_T01,Transect,168,15,1,33.24526,3884,4150,14000.53161,14996.21734,20240908, 21:26:25.9690,20240908, 21:30:51.9800,45.13414703,-65.09913866,45.13792545,-65.08800194,14.0.213.0,20240913, 13:20:23.0980,FM_Sep08_2024,9.13419E-06,38,
14,1,FM_T01,Transect,168,16,1,32.510587,4151,4420,15000.46879,15998.18141,20240908, 21:30:52.9690,20240908, 21:35:21.9700,45.13794031,-65.08795267,45.14173116,-65.07679764,14.0.213.0,20240913, 13:20:23.0980,FM_Sep08_2024,1.14427E-05,38,
15,1,FM_T01,Transect,168,17,1,31.94234,4421,4685,16001.31315,16998.94145,20240908, 21:35:22.9690,20240908, 21:39:46.9690,45.14174958,-65.07676751,45.14554538,-65.06560342,14.0.213.0,20240913, 13:20:23.0980,FM_Sep08_2024,9.95974E-06,38,
16,1,FM_T01,Transect,168,18,1,31.08624,4686,4953,17003.6752,17997.84805,20240908, 21:39:47.9690,20240908, 21:44:14.9690,45.14556659,-65.06555177,45.14937235,-65.054438,14.0.213.0,20240913, 13:20:23.0980,FM_Sep08_2024,1.0665E-05,38,
17,1,FM_T01,Transect,168,19,1,30.17692,4954,5218,18002.6256,18999.19295,20240908, 21:44:15.9690,20240908, 21:48:39.9700,45.14938796,-65.05438145,45.15318099,-65.04318394,14.0.213.0,20240913, 13:20:23.0980,FM_Sep08_2024,1.01224E-05,38,
18,1,FM_T01,Transect,168,20,1,29.422754,5219,5484,19002.32361,19998.34406,20240908, 21:48:40.9690,20240908, 21:53:05.9700,45.15319665,-65.04315214,45.15697368,-65.03196953,14.0.213.0,20240913, 13:20:23.0980,FM_Sep08_2024,9.98526E-06,38,
19,1,FM_T01,Transect,168,21,1,28.930374,5485,5744,20001.95518,20999.31308,20240908, 21:53:06.9690,20240908, 21:57:25.9690,45.15699348,-65.03193413,45.16080692,-65.02074046,14.0.213.0,20240913, 13:20:23.0980,FM_Sep08_2024,9.87889E-06,38,
20,1,FM_T01,Transect,168,22,1,28.909645,5745,5995,21003.13019,21999.84006,20240908, 21:57:26.9700,20240908, 22:01:36.9810,45.16082653,-65.02070154,45.16459961,-65.00951401,14.0.213.0,20240913, 13:20:23.0980,FM_Sep08_2024,1.22294E-05,38,
21,1,FM_T01,Transect,168,23,1,29.268599,5996,6237,22002.99485,22996.68147,20240908, 22:01:37.9700,20240908, 22:05:38.9690,45.16461716,-65.00948324,45.16843747,-64.99829741,14.0.213.0,20240913, 13:20:23.0980,FM_Sep08_2024,9.98465E-06,38,
22,1,FM_T01,Transect,168,24,1,29.092838,6238,6475,23000.90484,23999.86178,20240908, 22:05:39.9710,20240908, 22:09:36.9700,45.16845147,-64.99824747,45.17225781,-64.98694559,14.0.213.0,20240913, 13:20:23.0980,FM_Sep08_2024,1.17879E-05,38,
23,1,FM_T01,Transect,168,25,1,28.654251,6476,6710,24004.2113,24996.31016,20240908, 22:09:37.9690,20240908, 22:13:31.9690,45.1722777,-64.9868982,45.17607021,-64.97569983,14.0.213.0,20240913, 13:20:23.0980,FM_Sep08_2024,1.62749E-05,38,
24,1,FM_T01,Transect,168,26,1,27.290987,6711,6946,25001.05753,25998.44697,20240908, 22:13:32.9800,20240908, 22:17:27.9710,45.17608928,-64.9756458,45.17990786,-64.96440736,14.0.213.0,20240913, 13:20:23.0980,FM_Sep08_2024,1.57054E-05,38,
25,1,FM_T01,Transect,168,27,1,26.717767,6947,7184,26001.95781,26999.39943,20240908, 22:17:28.9690,20240908, 22:21:25.9690,45.17991867,-64.96436616,45.18370387,-64.95316222,14.0.213.0,20240913, 13:20:23.0980,FM_Sep08_2024,1.09422E-05,38,
26,1,FM_T01,Transect,168,28,1,27.803699,7185,7425,27004.10742,27999.76003,20240908, 22:21:26.9690,20240908, 22:25:26.9690,45.18372265,-64.95310853,45.18752281,-64.94190291,14.0.213.0,20240913, 13:20:23.0980,FM_Sep08_2024,1.07376E-05,38,
27,1,FM_T01,Transect,168,29,1,26.949602,7426,7671,28004.25962,28998.87251,20240908, 22:25:27.9810,20240908, 22:29:32.9690,45.18753864,-64.94185022,45.19133973,-64.93064432,14.0.213.0,20240913, 13:20:23.0980,FM_Sep08_2024,1.04317E-05,38,
28,1,FM_T01,Transect,168,30,1,26.784974,7672,7922,29003.31682,29996.1664,20240908, 22:29:33.9700,20240908, 22:33:43.9690,45.19135022,-64.93058978,45.19512587,-64.9194321,14.0.213.0,20240913, 13:20:23.0980,FM_Sep08_2024,1.04292E-05,38,
29,1,FM_T01,Transect,168,31,1,26.437193,7923,8174,30000.59302,30998.60671,20240908, 22:33:44.9700,20240908, 22:37:55.9700,45.19513621,-64.91937782,45.19893439,-64.90813979,14.0.213.0,20240913, 13:20:23.0980,FM_Sep08_2024,1.14688E-05,38,
30,1,FM_T01,Transect,168,32,1,26.084869,8175,8423,31002.14277,31999.54687,20240908, 22:37:56.9690,20240908, 22:42:04.9700,45.19894027,-64.90809665,45.20273659,-64.8968762,14.0.213.0,20240913, 13:20:23.0980,FM_Sep08_2024,1.04305E-05,38,
31,1,FM_T01,Transect,168,33,1,25.64878,8424,8664,32005.23055,32997.3571,20240908, 22:42:05.9690,20240908, 22:46:05.9690,45.20274473,-64.89680539,45.20654242,-64.88563546,14.0.213.0,20240913, 13:20:23.0980,FM_Sep08_2024,1.05422E-05,38,
32,1,FM_T01,Transect,168,34,1,24.88692,8665,8907,33001.98928,33997.32199,20240908, 22:46:06.9700,20240908, 22:50:08.9690,45.20656037,-64.88558227,45.21032128,-64.87437441,14.0.213.0,20240913, 13:20:23.0980,FM_Sep08_2024,9.98833E-06,38,
33,1,FM_T01,Transect,168,35,1,25.152442,8908,9148,34001.87314,34999.35026,20240908, 22:50:09.9690,20240908, 22:54:09.9800,45.21034357,-64.87432703,45.21415123,-64.86309231,14.0.213.0,20240913, 13:20:23.0980,FM_Sep08_2024,8.84503E-06,38,
34,1,FM_T01,Transect,168,36,1,25.40438,9149,9382,35003.12951,35996.48601,20240908, 22:54:10.9700,20240908, 22:58:03.9700,45.21416651,-64.86305074,45.21795313,-64.85184741,14.0.213.0,20240913, 13:20:23.0980,FM_Sep08_2024,7.09312E-06,38,
35,1,FM_T01,Transect,168,37,1,24.821305,9383,9617,36000.48643,36995.23206,20240908, 22:58:04.9700,20240908, 23:01:58.9700,45.2179793,-64.85181361,45.22176327,-64.84054234,14.0.213.0,20240913, 13:20:23.0980,FM_Sep08_2024,6.9865E-06,38,
36,1,FM_T01,Transect,168,38,1,24.530566,9618,9852,37000.06251,37997.24549,20240908, 23:01:59.9690,20240908, 23:05:53.9700,45.22179099,-64.84049568,45.22555672,-64.82932371,14.0.213.0,20240913, 13:20:23.0980,FM_Sep08_2024,8.14749E-06,38,
37,1,FM_T01,Transect,168,39,1,24.96662,9853,10082,38001.3554,38995.29645,20240908, 23:05:54.9800,20240908, 23:09:43.9690,45.22557126,-64.8292756,45.22934012,-64.81804914,14.0.213.0,20240913, 13:20:23.0980,FM_Sep08_2024,6.83381E-06,38,
38,1,FM_T01,Transect,168,40,1,23.818238,10083,10310,39000.01946,39995.90163,20240908, 23:09:44.9690,20240908, 23:13:31.9690,45.22936063,-64.81799647,45.23317236,-64.80674672,14.0.213.0,20240913, 13:20:23.0980,FM_Sep08_2024,5.54151E-06,38,
39,1,FM_T01,Transect,168,41,1,22.519649,10311,10538,40000.50283,40998.61101,20240908, 23:13:32.9700,20240908, 23:17:19.9690,45.23318458,-64.80669087,45.23697369,-64.7953974,14.0.213.0,20240913, 13:20:23.0980,FM_Sep08_2024,5.08069E-06,38,
40,1,FM_T01,Transect,168,42,1,22.703832,10539,10759,41002.18994,41996.48393,20240908, 23:17:20.9690,20240908, 23:21:00.9690,45.23699421,-64.7953636,45.24080975,-64.78409565,14.0.213.0,20240913, 13:20:23.0980,FM_Sep08_2024,5.20304E-06,38,
41,1,FM_T01,Transect,168,43,1,22.6301,10760,10956,42001.04508,42914.32425,20240908, 23:21:01.9700,20240908, 23:24:17.9690,45.2408201,-64.78404012,45.2443065,-64.77363191,14.0.213.0,20240913, 13:20:23.0980,FM_Sep08_2024,4.90123E-06,38,
42,2,FM_T02,Transect,168,52,1,16.86293,12983,12998,51960.86795,51997.94569,20240908, 23:58:04.9700,20240908, 23:58:19.9690,45.30736102,-64.83643887,45.30723344,-64.83686048,14.0.213.0,20240913, 13:20:23.0980,FM_Sep08_2024,8.67585E-08,38,
43,2,FM_T02,Transect,168,53,1,16.882547,12999,13255,52001.0539,52997.53303,20240908, 23:58:20.9690,20240909, 00:02:36.9700,45.30722374,-64.83689747,45.30319773,-64.84811651,14.0.213.0,20240913, 13:20:23.0980,FM_Sep08_2024,1.8591E-06,38,
44,2,FM_T02,Transect,168,54,1,19.582596,13256,13493,53001.95163,53998.98499,20240909, 00:02:37.9800,20240909, 00:06:34.9690,45.30317993,-64.84816688,45.29918343,-64.85941436,14.0.213.0,20240913, 13:20:23.0980,FM_Sep08_2024,4.82731E-06,38,
45,2,FM_T02,Transect,168,55,1,21.005447,13494,13732,54003.60619,54995.54252,20240909, 00:06:35.9810,20240909, 00:10:33.9690,45.29916513,-64.85946718,45.29520921,-64.87068472,14.0.213.0,20240913, 13:20:23.0980,FM_Sep08_2024,5.42296E-06,38,
46,2,FM_T02,Transect,168,56,1,21.956537,13733,13968,55000.19497,55997.06673,20240909, 00:10:34.9800,20240909, 00:14:29.9710,45.29519015,-64.87073742,45.29120909,-64.88195733,14.0.213.0,20240913, 13:20:23.0980,FM_Sep08_2024,7.85322E-06,38,
47,2,FM_T02,Transect,168,57,1,23.113878,13969,14199,56001.50597,56997.63771,20240909, 00:14:30.9700,20240909, 00:18:20.9700,45.29119219,-64.88200852,45.28717397,-64.89324442,14.0.213.0,20240913, 13:20:23.0980,FM_Sep08_2024,1.00271E-05,38,
48,2,FM_T02,Transect,168,58,1,23.074896,14200,14427,57001.95,57999.39293,20240909, 00:18:21.9690,20240909, 00:22:08.9690,45.28716025,-64.89329573,45.28316504,-64.904562,14.0.213.0,20240913, 13:20:23.0980,FM_Sep08_2024,9.21543E-06,38,
49,2,FM_T02,Transect,168,59,1,23.286268,14428,14648,58003.563,58995.44545,20240909, 00:22:09.9690,20240909, 00:25:49.9700,45.28314784,-64.90460894,45.27916513,-64.91581248,14.0.213.0,20240913, 13:20:23.0980,FM_Sep08_2024,7.35911E-06,38,
50,2,FM_T02,Transect,168,60,1,23.906517,14649,14870,59000.48149,59998.61838,20240909, 00:25:50.9690,20240909, 00:29:31.9690,45.27914655,-64.91587051,45.27515075,-64.92716707,14.0.213.0,20240913, 13:20:23.0980,FM_Sep08_2024,6.82318E-06,38,
51,2,FM_T02,Transect,168,61,1,24.155863,14871,15097,60003.15465,60999.00206,20240909, 00:29:32.9690,20240909, 00:33:18.9700,45.27513178,-64.92721821,45.27111985,-64.93849646,14.0.213.0,20240913, 13:20:23.0980,FM_Sep08_2024,4.9901E-06,38,
52,2,FM_T02,Transect,168,62,1,24.075901,15098,15320,61003.27133,61995.41949,20240909, 00:33:19.9690,20240909, 00:37:01.9690,45.27109992,-64.93854297,45.26711288,-64.94975874,14.0.213.0,20240913, 13:20:23.0980,FM_Sep08_2024,5.66532E-06,38,
53,2,FM_T02,Transect,168,63,1,22.779114,15321,15544,62000.0723,62997.75886,20240909, 00:37:02.9800,20240909, 00:40:45.9690,45.26709316,-64.94981087,45.26307883,-64.96108972,14.0.213.0,20240913, 13:20:23.0980,FM_Sep08_2024,5.51632E-06,38,
54,2,FM_T02,Transect,168,64,1,20.871964,15545,15772,63002.13422,63998.98744,20240909, 00:40:46.9690,20240909, 00:44:33.9700,45.26306125,-64.96113959,45.25623743,-64.96901372,14.0.213.0,20240913, 13:20:23.0980,FM_Sep08_2024,4.40905E-06,38,
55,2,FM_T02,Transect,168,65,1,19.481513,15773,15998,64004.37327,64995.54016,20240909, 00:44:34.9700,20240909, 00:48:19.9690,45.25620462,-64.96906299,45.24958281,-64.97713816,14.0.213.0,20240913, 13:20:23.0980,FM_Sep08_2024,2.66436E-06,38,
56,2,FM_T02,Transect,168,66,1,18.722523,15999,16224,65000.16128,65999.96631,20240909, 00:48:20.9700,20240909, 00:52:05.9690,45.24955071,-64.97717523,45.24231723,-64.98439777,14.0.213.0,20240913, 13:20:23.0980,FM_Sep08_2024,4.23069E-06,38,
57,2,FM_T02,Transect,168,67,1,18.168121,16225,16457,66004.32831,66997.31317,20240909, 00:52:06.9690,20240909, 00:55:58.9700,45.24228619,-64.98443167,45.23887167,-64.99464848,14.0.213.0,20240913, 13:20:23.0980,FM_Sep08_2024,4.60016E-06,38,
58,2,FM_T02,Transect,168,68,1,15.979451,16458,16691,67001.10678,67996.81903,20240909, 00:55:59.9690,20240909, 00:59:52.9700,45.23887313,-64.99469671,45.23905593,-65.00729951,14.0.213.0,20240913, 13:20:23.0980,FM_Sep08_2024,4.06617E-06,38,
59,2,FM_T02,Transect,168,69,1,18.481626,16692,16921,68002.42687,68999.59832,20240909, 00:59:53.9690,20240909, 01:03:42.9690,45.23905649,-65.00737084,45.23921313,-65.01999469,14.0.213.0,20240913, 13:20:23.0980,FM_Sep08_2024,4.98089E-06,38,
60,2,FM_T02,Transect,168,70,1,16.847,16922,17153,69004.26704,69997.53215,20240909, 01:03:43.9700,20240909, 01:07:34.9700,45.23921717,-65.02005382,45.23834375,-65.03240154,14.0.213.0,20240913, 13:20:23.0980,FM_Sep08_2024,3.18954E-06,38,
61,2,FM_T02,Transect,168,71,1,21.112622,17154,17380,70000.65519,70999.49458,20240909, 01:07:35.9690,20240909, 01:11:21.9690,45.23833684,-65.03243995,45.2347479,-65.04396919,14.0.213.0,20240913, 13:20:23.0980,FM_Sep08_2024,4.77363E-06,38,
62,2,FM_T02,Transect,168,72,1,27.27488,17381,17607,71003.87054,71999.83152,20240909, 01:11:22.9690,20240909, 01:15:08.9690,45.23473394,-65.04402127,45.23071399,-65.05523024,14.0.213.0,20240913, 13:20:23.0980,FM_Sep08_2024,6.82334E-06,38,
63,2,FM_T02,Transect,168,73,1,30.643813,17608,17840,72003.99015,72995.98157,20240909, 01:15:09.9700,20240909, 01:19:01.9700,45.23069874,-65.05527786,45.22673885,-65.06638168,14.0.213.0,20240913, 13:20:23.0980,FM_Sep08_2024,7.62461E-06,38,
64,2,FM_T02,Transect,168,74,1,30.797213,17841,18072,73000.59184,73998.69521,20240909, 01:19:02.9800,20240909, 01:22:53.9700,45.22672452,-65.06643663,45.2227195,-65.07764655,14.0.213.0,20240913, 13:20:23.0980,FM_Sep08_2024,8.69311E-06,38,
65,2,FM_T02,Transect,168,75,1,29.92475,18073,18302,74003.07049,74999.00264,20240909, 01:22:54.9700,20240909, 01:26:43.9690,45.22270057,-65.07769534,45.2187236,-65.08887314,14.0.213.0,20240913, 13:20:23.0980,FM_Sep08_2024,1.11602E-05,38,
66,2,FM_T02,Transect,168,76,1,29.328972,18303,18532,75003.31302,75996.91187,20240909, 01:26:44.9700,20240909, 01:30:33.9700,45.21870788,-65.08892315,45.21470193,-65.10010011,14.0.213.0,20240913, 13:20:23.0980,FM_Sep08_2024,9.01704E-06,38,
67,2,FM_T02,Transect,168,77,1,28.554585,18533,18763,76001.21973,76999.30397,20240909, 01:30:34.9690,20240909, 01:34:24.9690,45.21468932,-65.10015139,45.21068197,-65.11138485,14.0.213.0,20240913, 13:20:23.0980,FM_Sep08_2024,7.68717E-06,38,
68,2,FM_T02,Transect,168,78,1,26.175106,18764,19000,77003.98011,77997.71456,20240909, 01:34:25.9800,20240909, 01:38:21.9690,45.21066253,-65.11143743,45.20666277,-65.12263691,14.0.213.0,20240913, 13:20:23.0980,FM_Sep08_2024,8.39145E-06,38,
69,2,FM_T02,Transect,168,79,1,23.696265,19001,19239,78002.61392,78997.42664,20240909, 01:38:22.9690,20240909, 01:42:20.9700,45.20663845,-65.12268893,45.20264172,-65.13386403,14.0.213.0,20240913, 13:20:23.0980,FM_Sep08_2024,9.97272E-06,38,
70,2,FM_T02,Transect,168,80,1,29.639602,19240,19478,79000.00534,79998.92198,20240909, 01:42:21.9700,20240909, 01:46:19.9690,45.20262765,-65.13388979,45.19862838,-65.14511482,14.0.213.0,20240913, 13:20:23.0980,FM_Sep08_2024,9.33641E-06,38,
71,2,FM_T02,Transect,168,81,1,33.480254,19479,19715,80003.24109,80999.20289,20240909, 01:46:20.9710,20240909, 01:50:16.9690,45.19861433,-65.14516607,45.19459494,-65.15635351,14.0.213.0,20240913, 13:20:23.0980,FM_Sep08_2024,9.31702E-06,38,
72,2,FM_T02,Transect,168,82,1,34.088637,19716,19953,81002.76353,81995.85453,20240909, 01:50:17.9710,20240909, 01:54:14.9710,45.1945783,-65.15639172,45.19057751,-65.16757498,14.0.213.0,20240913, 13:20:23.0980,FM_Sep08_2024,1.17926E-05,38,
73,2,FM_T02,Transect,168,83,1,33.011226,19954,20194,82000.29299,82997.85242,20240909, 01:54:15.9690,20240909, 01:58:15.9690,45.19055829,-65.1676243,45.18654999,-65.17879922,14.0.213.0,20240913, 13:20:23.0980,FM_Sep08_2024,1.25322E-05,38,
74,2,FM_T02,Transect,168,84,1,32.29404,20195,20441,83002.515,83996.28519,20240909, 01:58:16.9700,20240909, 02:02:22.9690,45.18653657,-65.17885543,45.18254643,-65.18998543,14.0.213.0,20240913, 13:20:23.0980,FM_Sep08_2024,1.34275E-05,38,
75,2,FM_T02,Transect,168,85,1,32.82105,20442,20689,84000.51357,84999.72806,20240909, 02:02:23.9700,20240909, 02:06:30.9690,45.18253156,-65.19003334,45.17851812,-65.20119918,14.0.213.0,20240913, 13:20:23.0980,FM_Sep08_2024,1.19895E-05,38,
76,2,FM_T02,Transect,168,86,1,32.348844,20690,20932,85004.36163,85997.46138,20240909, 02:06:31.9700,20240909, 02:10:33.9690,45.1785048,-65.20125504,45.17450556,-65.21238913,14.0.213.0,20240913, 13:20:23.0980,FM_Sep08_2024,1.33593E-05,38,
77,2,FM_T02,Transect,168,87,1,27.139475,20933,21176,86002.05643,86998.1145,20240909, 02:10:34.9800,20240909, 02:14:37.9700,45.17449046,-65.21244337,45.17049862,-65.22358473,14.0.213.0,20240913, 13:20:23.0980,FM_Sep08_2024,1.22967E-05,38,
78,2,FM_T02,Transect,168,88,1,27.250077,21177,21421,87002.49311,87999.80535,20240909, 02:14:38.9690,20240909, 02:18:42.9700,45.17048298,-65.22363562,45.1664129,-65.23471586,14.0.213.0,20240913, 13:20:23.0980,FM_Sep08_2024,1.247E-05,38,
79,2,FM_T02,Transect,168,89,1,27.66813,21422,21453,88002.98775,88127.36711,20240909, 02:18:43.9690,20240909, 02:19:14.9690,45.1663928,-65.23474387,45.16564168,-65.23580333,14.0.213.0,20240913, 13:20:23.0980,FM_Sep08_2024,2.00575E-06,38,
80,1,LB_T01,Transect,169,2,1,30.531337,755,833,1733.589854,1999.943685,20240908, 19:24:29.7330,20240908, 19:25:47.7320,45.03719891,-65.23135659,45.03777347,-65.22809545,14.0.213.0,20240913, 13:20:28.9520,LB_Sep08_2024,2.71553E-07,38,
81,1,LB_T01,Transect,169,3,1,28.792456,834,1111,2004.392197,2998.58306,20240908, 19:25:48.7330,20240908, 19:30:25.7290,45.03778115,-65.22804006,45.04177352,-65.21698703,14.0.213.0,20240913, 13:20:28.9520,LB_Sep08_2024,1.35046E-06,38,
82,1,LB_T01,Transect,169,4,1,29.383242,1112,1389,3000.88445,3999.712204,20240908, 19:30:26.7330,20240908, 19:35:03.7330,45.04177928,-65.21695911,45.04562915,-65.20576029,14.0.213.0,20240913, 13:20:28.9520,LB_Sep08_2024,2.11224E-06,38,
83,1,LB_T01,Transect,169,5,1,29.253254,1390,1668,4004.473267,4997.480077,20240908, 19:35:04.7360,20240908, 19:39:42.7330,45.04564249,-65.20570286,45.04909613,-65.19426894,14.0.213.0,20240913, 13:20:28.9520,LB_Sep08_2024,1.47313E-06,38,
84,1,LB_T01,Transect,169,6,1,27.504114,1669,1949,5002.357434,5996.711028,20240908, 19:39:43.7330,20240908, 19:44:23.7330,45.04911189,-65.19421185,45.05291444,-65.18300485,14.0.213.0,20240913, 13:20:28.9520,LB_Sep08_2024,1.8745E-06,38,
85,1,LB_T01,Transect,169,7,1,26.554765,1950,2224,6001.268019,6997.560132,20240908, 19:44:24.7320,20240908, 19:48:58.7330,45.05293179,-65.18295418,45.05669998,-65.17169638,14.0.213.0,20240913, 13:20:28.9520,LB_Sep08_2024,1.78567E-06,38,
86,1,LB_T01,Transect,169,8,1,25.807844,2225,2499,7000.264604,7995.843155,20240908, 19:48:59.7330,20240908, 19:53:33.7440,45.05671361,-65.17166795,45.06046276,-65.160405,14.0.213.0,20240913, 13:20:28.9520,LB_Sep08_2024,1.56453E-06,38,
87,1,LB_T01,Transect,169,9,1,24.716949,2500,2776,8000.87964,8999.0569,20240908, 19:53:34.7330,20240908, 19:58:10.7330,45.06048351,-65.16034931,45.06424384,-65.14903458,14.0.213.0,20240913, 13:20:28.9520,LB_Sep08_2024,1.31983E-06,38,
88,1,LB_T01,Transect,169,10,1,23.627738,2777,3052,9001.550683,9999.973306,20240908, 19:58:11.7320,20240908, 20:02:46.7320,45.06425101,-65.14900464,45.06774285,-65.13751617,14.0.213.0,20240913, 13:20:28.9520,LB_Sep08_2024,1.44156E-06,38,
89,1,LB_T01,Transect,169,11,1,23.463538,3053,3326,10004.58034,10997.59415,20240908, 20:02:47.7330,20240908, 20:07:20.7330,45.06776215,-65.1374654,45.07150215,-65.12623046,14.0.213.0,20240913, 13:20:28.9520,LB_Sep08_2024,1.24943E-06,38,
90,1,LB_T01,Transect,169,12,1,23.077602,3327,3603,11000.56584,11999.965,20240908, 20:07:21.7330,20240908, 20:11:57.7320,45.07151919,-65.12620138,45.07535636,-65.11492386,14.0.213.0,20240913, 13:20:28.9520,LB_Sep08_2024,7.30724E-06,38,
91,1,LB_T01,Transect,169,13,1,22.97302,3604,3872,12004.94829,12995.41005,20240908, 20:11:58.7330,20240908, 20:16:26.7330,45.07537762,-65.11486951,45.07895054,-65.10355641,14.0.213.0,20240913, 13:20:28.9520,LB_Sep08_2024,1.69756E-06,38,
92,1,LB_T01,Transect,169,14,1,22.7402,3873,4138,13000.20828,13997.88571,20240908, 20:16:27.7320,20240908, 20:20:52.7330,45.07896943,-65.10350273,45.08260932,-65.09212946,14.0.213.0,20240913, 13:20:28.9520,LB_Sep08_2024,6.3344E-06,38,
93,1,LB_T01,Transect,169,15,1,22.78208,4139,4399,14000.83721,14997.81899,20240908, 20:20:53.7320,20240908, 20:25:13.7320,45.0826263,-65.09210063,45.08642068,-65.08083551,14.0.213.0,20240913, 13:20:28.9520,LB_Sep08_2024,3.03676E-06,38,
94,1,LB_T01,Transect,169,16,1,23.345622,4400,4656,15003.16694,15998.9726,20240908, 20:25:14.7330,20240908, 20:29:30.7330,45.08644826,-65.08078176,45.09012907,-65.0695195,14.0.213.0,20240913, 13:20:28.9520,LB_Sep08_2024,1.35147E-06,38,
95,1,LB_T01,Transect,169,17,1,23.289444,4657,4907,16003.94375,16995.76736,20240908, 20:29:31.7320,20240908, 20:33:41.7330,45.09015286,-65.06946735,45.09384932,-65.05818363,14.0.213.0,20240913, 13:20:28.9520,LB_Sep08_2024,1.55308E-06,38,
96,1,LB_T01,Transect,169,18,1,23.472838,4908,5157,17000.30651,17996.98109,20240908, 20:33:42.7320,20240908, 20:37:51.7330,45.09386512,-65.05813045,45.09747844,-65.04671714,14.0.213.0,20240913, 13:20:28.9520,LB_Sep08_2024,1.50756E-06,38,
97,1,LB_T01,Transect,169,19,1,23.283565,5158,5402,18001.82229,18999.4067,20240908, 20:37:52.7330,20240908, 20:41:56.7370,45.09750333,-65.04666833,45.10128444,-65.03535077,14.0.213.0,20240913, 13:20:28.9520,LB_Sep08_2024,1.17932E-06,38,
98,1,LB_T01,Transect,169,20,1,22.789575,5403,5645,19003.61764,19997.30082,20240908, 20:41:57.7330,20240908, 20:45:59.7330,45.10129849,-65.03530109,45.10512196,-65.0240624,14.0.213.0,20240913, 13:20:28.9520,LB_Sep08_2024,4.79778E-06,38,
99,1,LB_T01,Transect,169,21,1,21.742672,5646,5889,20002.08941,20997.02848,20240908, 20:46:00.7320,20240908, 20:50:03.7330,45.10514833,-65.02401667,45.10873939,-65.01258405,14.0.213.0,20240913, 13:20:28.9520,LB_Sep08_2024,7.02572E-06,38,
100,1,LB_T01,Transect,169,22,1,21.024151,5890,6136,21001.25642,21996.19694,20240908, 20:50:04.7330,20240908, 20:54:10.7330,45.10875189,-65.01253332,45.11233882,-65.00111346,14.0.213.0,20240913, 13:20:28.9520,LB_Sep08_2024,1.35703E-06,38,
101,1,LB_T01,Transect,169,23,1,20.357295,6137,6387,22001.01465,22997.41167,20240908, 20:54:11.7440,20240908, 20:58:21.7430,45.112365,-65.00106667,45.11607823,-64.98973517,14.0.213.0,20240913, 13:20:28.9520,LB_Sep08_2024,2.49186E-06,38,
102,1,LB_T01,Transect,169,24,1,19.886681,6388,6641,23002.20749,23997.39383,20240908, 20:58:22.7330,20240908, 21:02:35.7320,45.11609547,-64.9896793,45.11995807,-64.97846952,14.0.213.0,20240913, 13:20:28.9520,LB_Sep08_2024,1.84712E-06,38,
103,1,LB_T01,Transect,169,25,1,19.644606,6642,6893,24002.29522,24996.93153,20240908, 21:02:36.7330,20240908, 21:06:47.7330,45.11998167,-64.97841833,45.1236064,-64.96705375,14.0.213.0,20240913, 13:20:28.9520,LB_Sep08_2024,8.63108E-06,38,
104,1,LB_T01,Transect,169,26,1,19.189413,6894,7142,25001.39074,25997.11056,20240908, 21:06:48.7330,20240908, 21:10:56.7330,45.12362047,-64.96700067,45.12722735,-64.95558299,14.0.213.0,20240913, 13:20:28.9520,LB_Sep08_2024,1.21645E-05,38,
105,1,LB_T01,Transect,169,27,1,18.867747,7143,7391,26001.63045,26998.74139,20240908, 21:10:57.7320,20240908, 21:15:05.7320,45.12724073,-64.95552874,45.1308613,-64.94410044,14.0.213.0,20240913, 13:20:28.9520,LB_Sep08_2024,2.27014E-06,38,
106,1,LB_T01,Transect,169,28,1,18.402071,7392,7639,27002.95578,27998.52712,20240908, 21:15:06.7330,20240908, 21:19:13.7320,45.13087117,-64.94404877,45.13476333,-64.93284667,14.0.213.0,20240913, 13:20:28.9520,LB_Sep08_2024,5.04997E-06,38,
107,1,LB_T01,Transect,169,29,1,18.204717,7640,7892,28001.17347,28999.78821,20240908, 21:19:14.7330,20240908, 21:23:26.7330,45.13477271,-64.93281574,45.13852018,-64.92148119,14.0.213.0,20240913, 13:20:28.9520,LB_Sep08_2024,4.15962E-06,38,
108,1,LB_T01,Transect,169,30,1,17.9504,7893,8148,29004.30954,29999.3707,20240908, 21:23:27.7320,20240908, 21:27:42.7330,45.13854,-64.92143167,45.14208,-64.91000093,14.0.213.0,20240913, 13:20:28.9520,LB_Sep08_2024,1.55246E-06,38,
109,1,LB_T01,Transect,169,31,1,17.519641,8149,8398,30003.92892,30996.18589,20240908, 21:27:43.7330,20240908, 21:31:52.7320,45.14209164,-64.90994536,45.1457293,-64.8986104,14.0.213.0,20240913, 13:20:28.9520,LB_Sep08_2024,4.68662E-06,38,
110,1,LB_T01,Transect,169,32,1,17.525162,8399,8648,31000.41664,31999.42983,20240908, 21:31:53.7330,20240908, 21:36:02.7330,45.14573977,-64.89855879,45.14957667,-64.88726833,14.0.213.0,20240913, 13:20:28.9520,LB_Sep08_2024,1.34472E-06,38,
111,1,LB_T01,Transect,169,33,1,17.74883,8649,8898,32002.16873,32997.17603,20240908, 21:36:03.7320,20240908, 21:40:12.7330,45.14958717,-64.88723683,45.15330175,-64.87593246,14.0.213.0,20240913, 13:20:28.9520,LB_Sep08_2024,1.43072E-06,38,
112,1,LB_T01,Transect,169,34,1,17.781654,8899,9150,33001.66507,33998.69076,20240908, 21:40:13.7330,20240908, 21:44:24.7330,45.15331544,-64.8758788,45.15692222,-64.86445841,14.0.213.0,20240913, 13:20:28.9520,LB_Sep08_2024,4.01089E-06,38,
113,1,LB_T01,Transect,169,35,1,17.464524,9151,9401,34002.91459,34997.87422,20240908, 21:44:25.7320,20240908, 21:48:35.7330,45.15694333,-64.864415,45.16064359,-64.85309102,14.0.213.0,20240913, 13:20:28.9520,LB_Sep08_2024,1.70243E-06,38,
114,1,LB_T01,Transect,169,36,1,17.383515,9402,9651,35001.99234,35998.23233,20240908, 21:48:36.7320,20240908, 21:52:45.7330,45.16066333,-64.85304833,45.1643251,-64.84166602,14.0.213.0,20240913, 13:20:28.9520,LB_Sep08_2024,3.38357E-06,38,
115,1,LB_T01,Transect,169,37,1,17.485919,9652,9897,36002.85974,36998.2809,20240908, 21:52:46.7330,20240908, 21:56:51.7330,45.16434385,-64.84161353,45.16817043,-64.83034894,14.0.213.0,20240913, 13:20:28.9520,LB_Sep08_2024,1.14859E-06,38,
116,1,LB_T01,Transect,169,38,1,17.576166,9898,10142,37002.50943,37997.85083,20240908, 21:56:52.7320,20240908, 22:00:56.7440,45.16818407,-64.83029875,45.17183197,-64.8188987,14.0.213.0,20240913, 13:20:28.9520,LB_Sep08_2024,1.85355E-06,38,
117,1,LB_T01,Transect,169,39,1,17.645938,10143,10389,38002.36855,38997.71177,20240908, 22:00:57.7320,20240908, 22:05:03.7330,45.1718484,-64.81884613,45.17544667,-64.80741667,14.0.213.0,20240913, 13:20:28.9520,LB_Sep08_2024,1.31184E-06,38,
118,1,LB_T01,Transect,169,40,1,17.652903,10390,10635,39000.62601,39996.40352,20240908, 22:05:04.7330,20240908, 22:09:09.7330,45.17545895,-64.80738391,45.17917524,-64.79603558,14.0.213.0,20240913, 13:20:28.9520,LB_Sep08_2024,1.27812E-06,38,
119,1,LB_T01,Transect,169,41,1,17.760359,10636,10881,40001.13518,40999.37675,20240908, 22:09:10.7320,20240908, 22:13:15.7320,45.17919303,-64.7959809,45.18282562,-64.78452772,14.0.213.0,20240913, 13:20:28.9520,LB_Sep08_2024,1.43487E-06,38,
120,1,LB_T01,Transect,169,42,1,18.448527,10882,11126,41003.756,41999.58579,20240908, 22:13:16.7330,20240908, 22:17:20.7320,45.1828395,-64.78447562,45.18660333,-64.77314835,14.0.213.0,20240913, 13:20:28.9520,LB_Sep08_2024,1.32491E-06,38,
121,1,LB_T01,Transect,169,43,1,19.069125,11127,11372,42003.99994,42996.87245,20240908, 22:17:21.7330,20240908, 22:21:26.7330,45.18661467,-64.77309456,45.19030579,-64.7617576,14.0.213.0,20240913, 13:20:28.9520,LB_Sep08_2024,1.08545E-06,38,
122,1,LB_T01,Transect,169,44,1,19.362574,11373,11622,43000.61753,43996.01959,20240908, 22:21:27.7330,20240908, 22:25:36.7320,45.19032333,-64.76171833,45.19398339,-64.75034375,14.0.213.0,20240913, 13:20:28.9520,LB_Sep08_2024,9.73985E-07,38,
123,1,LB_T01,Transect,169,45,1,19.568237,11623,11867,44000.46594,44999.10964,20240908, 22:25:37.7330,20240908, 22:29:41.7320,45.19399852,-64.7502914,45.197484,-64.73870088,14.0.213.0,20240913, 13:20:28.9520,LB_Sep08_2024,1.1334E-06,38,
124,1,LB_T01,Transect,169,46,1,19.784304,11868,12107,45003.73511,45998.98866,20240908, 22:29:42.7440,20240908, 22:33:41.7450,45.19749989,-64.73864649,45.20117654,-64.72723825,14.0.213.0,20240913, 13:20:28.9520,LB_Sep08_2024,3.64948E-06,38,
125,1,LB_T01,Transect,169,47,1,19.807416,12108,12340,46003.2219,46997.01714,20240908, 22:33:42.7330,20240908, 22:37:34.7330,45.2011914,-64.72718865,45.20491102,-64.71583929,14.0.213.0,20240913, 13:20:28.9520,LB_Sep08_2024,8.88825E-07,38,
126,1,LB_T01,Transect,169,48,1,20.11093,12341,12569,47001.29423,47999.64959,20240908, 22:37:35.7330,20240908, 22:41:23.7330,45.20492493,-64.71578858,45.20872537,-64.70433383,14.0.213.0,20240913, 13:20:28.9520,LB_Sep08_2024,8.39993E-07,38,
127,1,LB_T01,Transect,169,49,1,20.226289,12570,12794,48004.19543,48995.98578,20240908, 22:41:24.7330,20240908, 22:45:08.7330,45.20874475,-64.70428287,45.21241667,-64.69283222,14.0.213.0,20240913, 13:20:28.9520,LB_Sep08_2024,8.63765E-07,38,
128,1,LB_T01,Transect,169,50,1,20.57945,12795,12965,49001.67563,49744.14037,20240908, 22:45:09.7320,20240908, 22:47:59.7330,45.2124317,-64.69276317,45.21540667,-64.68451833,14.0.213.0,20240913, 13:20:28.9520,LB_Sep08_2024,6.239E-07,38,
129,2,LB_T02,Transect,169,60,1,42.923199,15216,15417,59368.56,59997.56467,20240908, 23:25:30.7440,20240908, 23:28:51.7330,45.27359167,-64.76779,45.27061,-64.77396333,14.0.213.0,20240913, 13:20:28.9520,LB_Sep08_2024,0,38,
130,2,LB_T02,Transect,169,61,1,41.286794,15418,15738,60000.46034,60998.06721,20240908, 23:28:52.7330,20240908, 23:34:12.7330,45.27060157,-64.77399825,45.26771667,-64.785695,14.0.213.0,20240913, 13:20:28.9520,LB_Sep08_2024,3.34111E-05,38,
131,2,LB_T02,Transect,169,62,1,40.946893,15739,16026,61001.43823,61996.14624,20240908, 23:34:13.7330,20240908, 23:39:00.7330,45.26770574,-64.78573507,45.26359054,-64.79656047,14.0.213.0,20240913, 13:20:28.9520,LB_Sep08_2024,3.34339E-06,38,
132,2,LB_T02,Transect,169,63,1,34.551627,16027,16302,62000.20537,62999.46064,20240908, 23:39:01.7440,20240908, 23:43:36.7330,45.26357965,-64.79660974,45.2597764,-64.807926,14.0.213.0,20240913, 13:20:28.9520,LB_Sep08_2024,3.93002E-06,38,
133,2,LB_T02,Transect,169,64,1,29.119082,16303,16565,63003.61097,63996.71265,20240908, 23:43:37.7330,20240908, 23:47:59.7330,45.25976598,-64.80797678,45.25607185,-64.81926945,14.0.213.0,20240913, 13:20:28.9520,LB_Sep08_2024,3.29696E-06,38,
134,2,LB_T02,Transect,169,65,1,28.023069,16566,16833,64001.16086,64995.44397,20240908, 23:48:00.7330,20240908, 23:52:27.7320,45.25605682,-64.81932193,45.25209424,-64.83046643,14.0.213.0,20240913, 13:20:28.9520,LB_Sep08_2024,2.66149E-06,38,
135,2,LB_T02,Transect,169,66,1,28.149055,16834,17115,65000.05597,65998.78431,20240908, 23:52:28.7340,20240908, 23:57:09.7320,45.25207883,-64.83052096,45.24823833,-64.84179333,14.0.213.0,20240913, 13:20:28.9520,LB_Sep08_2024,1.47617E-06,38,
136,2,LB_T02,Transect,169,67,1,26.891535,17116,17403,66001.97502,66996.9001,20240908, 23:57:10.7330,20240909, 00:01:57.7320,45.24822819,-64.84183136,45.24403333,-64.852655,14.0.213.0,20240913, 13:20:28.9520,LB_Sep08_2024,1.3894E-06,38,
137,2,LB_T02,Transect,169,68,1,28.093885,17404,17696,67000.46813,67995.67535,20240909, 00:01:58.7330,20240909, 00:06:50.7330,45.24402319,-64.85269812,45.24095958,-64.86438293,14.0.213.0,20240913, 13:20:28.9520,LB_Sep08_2024,1.39682E-06,38,
138,2,LB_T02,Transect,169,69,1,28.428954,17697,18002,68000.01283,68997.13409,20240909, 00:06:51.7320,20240909, 00:11:56.7440,45.240935,-64.864425,45.23676167,-64.87532167,14.0.213.0,20240913, 13:20:28.9520,LB_Sep08_2024,1.16342E-06,38,
139,2,LB_T02,Transect,169,70,1,27.371502,18003,18312,69000.78095,69999.64885,20240909, 00:11:57.7320,20240909, 00:17:06.7320,45.23674767,-64.87536367,45.23328,-64.88686167,14.0.213.0,20240913, 13:20:28.9520,LB_Sep08_2024,1.37784E-06,38,
140,2,LB_T02,Transect,169,71,1,25.292994,18313,18613,70000.95155,70999.10158,20240909, 00:17:07.7330,20240909, 00:22:07.7330,45.23327167,-64.88687333,45.22913333,-64.89778667,14.0.213.0,20240913, 13:20:28.9520,LB_Sep08_2024,1.88317E-06,38,
141,2,LB_T02,Transect,169,72,1,28.56206,18614,18906,71003.20594,71998.75612,20240909, 00:22:08.7330,20240909, 00:27:00.7320,45.2291216,-64.89783622,45.22538743,-64.90910514,14.0.213.0,20240913, 13:20:28.9520,LB_Sep08_2024,2.27046E-06,38,
142,2,LB_T02,Transect,169,73,1,30.039065,18907,19222,72002.02999,72997.77143,20240909, 00:27:01.7440,20240909, 00:32:16.7330,45.22537,-64.90913667,45.22162667,-64.92035667,14.0.213.0,20240913, 13:20:28.9520,LB_Sep08_2024,1.67106E-06,38,
143,2,LB_T02,Transect,169,74,1,30.7225,19223,19525,73000.69298,73996.93035,20240909, 00:32:17.7330,20240909, 00:37:19.7320,45.221615,-64.92039,45.21795833,-64.93165333,14.0.213.0,20240913, 13:20:28.9520,LB_Sep08_2024,2.22335E-06,38,
144,2,LB_T02,Transect,169,75,1,30.691423,19526,19835,74000.92786,74999.85354,20240909, 00:37:20.7330,20240909, 00:42:29.7330,45.21795029,-64.93170294,45.21407333,-64.94291333,14.0.213.0,20240913, 13:20:28.9520,LB_Sep08_2024,2.56664E-06,38,
145,2,LB_T02,Transect,169,76,1,29.739662,19836,20130,75003.8671,75999.42881,20240909, 00:42:30.7330,20240909, 00:47:24.7330,45.21405433,-64.94295678,45.210025,-64.95397667,14.0.213.0,20240913, 13:20:28.9520,LB_Sep08_2024,3.61542E-06,38,
146,2,LB_T02,Transect,169,77,1,31.562998,20131,20424,76002.35083,76997.055,20240909, 00:47:25.7320,20240909, 00:52:18.7440,45.21001333,-64.95401,45.20611833,-64.96512,14.0.213.0,20240913, 13:20:28.9520,LB_Sep08_2024,4.51557E-06,38,
147,2,LB_T02,Transect,169,78,1,32.556887,20425,20723,77000.91599,77998.04917,20240909, 00:52:19.7320,20240909, 00:57:17.7330,45.20610736,-64.96516663,45.20247333,-64.97654,14.0.213.0,20240913, 13:20:28.9520,LB_Sep08_2024,4.36904E-06,38,
148,2,LB_T02,Transect,169,79,1,33.011977,20724,21014,78001.05827,78997.59892,20240909, 00:57:18.7330,20240909, 01:02:08.7330,45.20246,-64.97657333,45.19858609,-64.98776977,14.0.213.0,20240913, 13:20:28.9520,LB_Sep08_2024,6.16595E-06,38,
149,2,LB_T02,Transect,169,80,1,33.01943,21015,21300,79001.02846,79999.3959,20240909, 01:02:09.7330,20240909, 01:06:54.7370,45.19857167,-64.98780833,45.19471012,-64.99905207,14.0.213.0,20240913, 13:20:28.9520,LB_Sep08_2024,7.11755E-06,38,
150,2,LB_T02,Transect,169,81,1,33.05447,21301,21585,80003.80463,80998.63677,20240909, 01:06:55.7340,20240909, 01:11:39.7320,45.19469992,-64.99910627,45.19100667,-65.010425,14.0.213.0,20240913, 13:20:28.9520,LB_Sep08_2024,7.04607E-06,38,
151,2,LB_T02,Transect,169,82,1,33.044411,21586,21877,81001.4428,81997.43307,20240909, 01:11:40.7330,20240909, 01:16:31.7330,45.190995,-65.01045667,45.18715276,-65.02169363,14.0.213.0,20240913, 13:20:28.9520,LB_Sep08_2024,7.8145E-06,38,
152,2,LB_T02,Transect,169,83,1,33.089129,21878,22176,82000.81008,82998.16766,20240909, 01:16:32.7330,20240909, 01:21:30.7320,45.18713667,-65.02173,45.18326239,-65.03295592,14.0.213.0,20240913, 13:20:28.9520,LB_Sep08_2024,7.20014E-06,38,
153,2,LB_T02,Transect,169,84,1,32.282804,22177,22476,83000.95279,83999.64681,20240909, 01:21:31.7330,20240909, 01:26:30.7320,45.18325,-65.03298667,45.17950167,-65.04428167,14.0.213.0,20240913, 13:20:28.9520,LB_Sep08_2024,7.33121E-06,38,
154,2,LB_T02,Transect,169,85,1,33.052763,22477,22772,84003.48169,84998.30392,20240909, 01:26:31.7330,20240909, 01:31:26.7330,45.17948735,-65.04432606,45.17553833,-65.05549,14.0.213.0,20240913, 13:20:28.9520,LB_Sep08_2024,7.4012E-06,38,
155,2,LB_T02,Transect,169,86,1,33.106434,22773,23066,85002.31861,85999.68704,20240909, 01:31:27.7320,20240909, 01:36:20.7330,45.17552959,-65.05553955,45.17165667,-65.066765,14.0.213.0,20240913, 13:20:28.9520,LB_Sep08_2024,5.08761E-06,38,
156,2,LB_T02,Transect,169,87,1,34.219363,23067,23358,86002.04506,86997.99321,20240909, 01:36:21.7320,20240909, 01:41:12.7310,45.17164333,-65.06678833,45.16780994,-65.07800629,14.0.213.0,20240913, 13:20:28.9520,LB_Sep08_2024,4.52778E-06,38,
157,2,LB_T02,Transect,169,88,1,36.992932,23359,23648,87002.18872,87996.60493,20240909, 01:41:13.7330,20240909, 01:46:02.7330,45.16779368,-65.07805436,45.16411806,-65.08934262,14.0.213.0,20240913, 13:20:28.9520,LB_Sep08_2024,4.23122E-06,38,
158,2,LB_T02,Transect,169,89,1,35.911857,23649,23946,88000.09365,88996.19635,20240909, 01:46:03.7320,20240909, 01:51:00.7320,45.16410167,-65.08938,45.16019667,-65.10055333,14.0.213.0,20240913, 13:20:28.9520,LB_Sep08_2024,5.26725E-06,38,
159,2,LB_T02,Transect,169,90,1,38.603988,23947,24236,89000.81176,89998.25613,20240909, 01:51:01.7330,20240909, 01:55:50.7330,45.16018185,-65.10060817,45.15627148,-65.11177336,14.0.213.0,20240913, 13:20:28.9520,LB_Sep08_2024,6.77402E-06,38,
160,2,LB_T02,Transect,169,91,1,39.299545,24237,24525,90001.60119,90998.04501,20240909, 01:55:51.7320,20240909, 02:00:39.7330,45.15625333,-65.11180667,45.15231167,-65.12293833,14.0.213.0,20240913, 13:20:28.9520,LB_Sep08_2024,6.92753E-06,38,
161,2,LB_T02,Transect,169,92,1,39.738532,24526,24814,91002.58876,91999.31954,20240909, 02:00:40.7330,20240909, 02:05:28.7330,45.15230111,-65.12299415,45.14858788,-65.13427728,14.0.213.0,20240913, 13:20:28.9520,LB_Sep08_2024,4.49551E-06,38,
162,2,LB_T02,Transect,169,93,1,39.643111,24815,25105,92002.10306,92997.07964,20240909, 02:05:29.7320,20240909, 02:10:19.7330,45.14857833,-65.13431,45.14486833,-65.14560333,14.0.213.0,20240913, 13:20:28.9520,LB_Sep08_2024,5.15714E-06,38,
163,2,LB_T02,Transect,169,94,1,39.881434,25106,25389,93001.55696,93999.45558,20240909, 02:10:20.7320,20240909, 02:15:03.7330,45.14486375,-65.14565989,45.14076,-65.15673167,14.0.213.0,20240913, 13:20:28.9520,LB_Sep08_2024,5.67444E-06,38,
164,2,LB_T02,Transect,169,95,1,39.015607,25390,25673,94001.53066,94997.16193,20240909, 02:15:04.7330,20240909, 02:19:47.7320,45.14074167,-65.15673667,45.13702257,-65.16804748,14.0.213.0,20240913, 13:20:28.9520,LB_Sep08_2024,5.86172E-06,38,
165,2,LB_T02,Transect,169,96,1,43.60797,25674,25956,95000.31424,95998.85543,20240909, 02:19:48.7330,20240909, 02:24:30.7440,45.13701,-65.16808333,45.13320082,-65.17937829,14.0.213.0,20240913, 13:20:28.9520,LB_Sep08_2024,7.11764E-06,38,
166,2,LB_T02,Transect,169,97,1,42.989321,25957,26236,96003.47951,96996.4953,20240909, 02:24:31.7320,20240909, 02:29:10.7320,45.13318293,-65.17943133,45.12936,-65.19065333,14.0.213.0,20240913, 13:20:28.9520,LB_Sep08_2024,6.19062E-06,38,
167,2,LB_T02,Transect,169,98,1,43.846314,26237,26514,97000.91555,97999.93558,20240909, 02:29:11.7440,20240909, 02:33:48.7330,45.12934889,-65.19070729,45.12547667,-65.20195333,14.0.213.0,20240913, 13:20:28.9520,LB_Sep08_2024,6.58879E-06,38,
168,2,LB_T02,Transect,169,99,1,46.021539,26515,26786,98004.76172,98997.38956,20240909, 02:33:49.7320,20240909, 02:38:20.7330,45.12546398,-65.202012,45.12157667,-65.21315333,14.0.213.0,20240913, 13:20:28.9520,LB_Sep08_2024,6.70023E-06,38,
169,2,LB_T02,Transect,169,100,1,47.50484,26787,27055,99002.26956,99996.79455,20240909, 02:38:21.7320,20240909, 02:42:49.7330,45.12155927,-65.21321028,45.11758167,-65.22433833,14.0.213.0,20240913, 13:20:28.9520,LB_Sep08_2024,1.00266E-05,38,
170,2,LB_T02,Transect,169,101,1,46.913884,27056,27265,100001.3315,100779.0579,20240909, 02:42:50.7330,20240909, 02:46:19.7320,45.11756737,-65.22439234,45.11456167,-65.23317167,14.0.213.0,20240913, 13:20:28.9520,LB_Sep08_2024,6.98812E-06,38,
171,1,LM_T01,Transect,170,1,1,35.863007,105,303,242.791745,999.009932,20240908, 19:28:34.2900,20240908, 19:31:52.2840,45.06263532,-65.24253404,45.06406835,-65.2332146,14.0.213.0,20240913, 13:20:35.2590,LM_Sep08_2024,4.16512E-07,38,
172,1,LM_T01,Transect,170,2,1,34.73529,304,541,1002.387494,1996.528224,20240908, 19:31:53.2750,20240908, 19:35:50.2740,45.06408331,-65.23317803,45.06711767,-65.2213425,14.0.213.0,20240913, 13:20:35.2590,LM_Sep08_2024,2.46186E-06,38,
173,1,LM_T01,Transect,170,3,1,35.040188,542,774,2000.823531,2996.352238,20240908, 19:35:51.2840,20240908, 19:39:43.2740,45.0671311,-65.22129136,45.07016348,-65.20944487,14.0.213.0,20240913, 13:20:35.2590,LM_Sep08_2024,1.11171E-06,38,
174,1,LM_T01,Transect,170,4,1,29.745281,775,1013,3000.650428,3999.94443,20240908, 19:39:44.2730,20240908, 19:43:42.2740,45.07017768,-65.20939411,45.07376337,-65.19786115,14.0.213.0,20240913, 13:20:35.2590,LM_Sep08_2024,5.10273E-06,38,
175,1,LM_T01,Transect,170,5,1,33.017795,1014,1246,4004.368453,4999.237699,20240908, 19:43:43.2730,20240908, 19:47:35.2730,45.07377842,-65.19780915,45.07764584,-65.18649464,14.0.213.0,20240913, 13:20:35.2590,LM_Sep08_2024,7.92405E-07,38,
176,1,LM_T01,Transect,170,6,1,29.169336,1247,1478,5003.769248,5999.2691,20240908, 19:47:36.2730,20240908, 19:51:27.2860,45.07766503,-65.18644386,45.08160644,-65.17518126,14.0.213.0,20240913, 13:20:35.2590,LM_Sep08_2024,6.02513E-07,38,
177,1,LM_T01,Transect,170,7,1,29.62029,1479,1708,6002.688843,6999.769029,20240908, 19:51:28.2730,20240908, 19:55:17.2740,45.08162113,-65.17514339,45.08550701,-65.16380573,14.0.213.0,20240913, 13:20:35.2590,LM_Sep08_2024,6.53742E-07,38,
178,1,LM_T01,Transect,170,8,1,28.565255,1709,1939,7003.941874,7999.121931,20240908, 19:55:18.2730,20240908, 19:59:08.2740,45.08552208,-65.16375718,45.0894423,-65.15247774,14.0.213.0,20240913, 13:20:35.2590,LM_Sep08_2024,5.74017E-07,38,
179,1,LM_T01,Transect,170,9,1,26.921588,1940,2170,8004.568328,8998.755189,20240908, 19:59:09.2730,20240908, 20:02:59.2730,45.08945805,-65.15241251,45.0933596,-65.14111873,14.0.213.0,20240913, 13:20:35.2590,LM_Sep08_2024,1.08869E-06,38,
180,1,LM_T01,Transect,170,10,1,26.918382,2171,2401,9003.160793,9997.024681,20240908, 20:03:00.2740,20240908, 20:06:50.2730,45.09337558,-65.14106751,45.09713453,-65.12967973,14.0.213.0,20240913, 13:20:35.2590,LM_Sep08_2024,9.96511E-07,38,
181,1,LM_T01,Transect,170,11,1,26.09761,2402,2634,10001.39912,10999.60258,20240908, 20:06:51.2740,20240908, 20:10:43.2730,45.0971513,-65.12962945,45.10096482,-65.11821722,14.0.213.0,20240913, 13:20:35.2590,LM_Sep08_2024,2.26857E-05,38,
182,1,LM_T01,Transect,170,12,1,27.117687,2635,2867,11003.94129,11997.0494,20240908, 20:10:44.2730,20240908, 20:14:36.2740,45.10098144,-65.11816734,45.10484922,-65.10687401,14.0.213.0,20240913, 13:20:35.2590,LM_Sep08_2024,1.78998E-06,38,
183,1,LM_T01,Transect,170,13,1,26.952186,2868,3100,12001.48669,12998.27394,20240908, 20:14:37.2740,20240908, 20:18:29.2730,45.10486667,-65.10682331,45.10859333,-65.0953625,14.0.213.0,20240913, 13:20:35.2590,LM_Sep08_2024,7.22834E-07,38,
184,1,LM_T01,Transect,170,14,1,26.975806,3101,3330,13001.67604,13996.69043,20240908, 20:18:30.2730,20240908, 20:22:19.2730,45.10860996,-65.09532755,45.11235834,-65.08389498,14.0.213.0,20240913, 13:20:35.2590,LM_Sep08_2024,1.62677E-06,38,
185,1,LM_T01,Transect,170,15,1,26.73409,3331,3560,14000.99073,14995.92359,20240908, 20:22:20.2730,20240908, 20:26:09.2740,45.11237414,-65.0838451,45.11606258,-65.0723739,14.0.213.0,20240913, 13:20:35.2590,LM_Sep08_2024,7.68438E-07,38,
186,1,LM_T01,Transect,170,16,1,26.873143,3561,3792,15000.1944,15997.2743,20240908, 20:26:10.2730,20240908, 20:30:01.2740,45.1160785,-65.0723245,45.11973678,-65.06078632,14.0.213.0,20240913, 13:20:35.2590,LM_Sep08_2024,1.19522E-05,38,
187,1,LM_T01,Transect,170,17,1,27.389766,3793,4025,16001.60744,16997.41959,20240908, 20:30:02.2730,20240908, 20:33:54.2850,45.11975339,-65.06073649,45.12354623,-65.04933359,14.0.213.0,20240913, 13:20:35.2590,LM_Sep08_2024,1.30564E-06,38,
188,1,LM_T01,Transect,170,18,1,26.399254,4026,4265,17001.90616,17999.55463,20240908, 20:33:55.2730,20240908, 20:37:54.2740,45.12356187,-65.04928103,45.12744613,-65.03796912,14.0.213.0,20240913, 13:20:35.2590,LM_Sep08_2024,1.32175E-06,38,
189,1,LM_T01,Transect,170,19,1,26.424145,4266,4502,18004.23914,18997.27313,20240908, 20:37:55.2730,20240908, 20:41:51.2730,45.12746455,-65.03791556,45.13135532,-65.02667399,14.0.213.0,20240913, 13:20:35.2590,LM_Sep08_2024,1.91972E-06,38,
190,1,LM_T01,Transect,170,20,1,25.791688,4503,4736,19001.80292,19998.76143,20240908, 20:41:52.2850,20240908, 20:45:45.2740,45.13137127,-65.026621,45.13489617,-65.01501555,14.0.213.0,20240913, 13:20:35.2590,LM_Sep08_2024,1.76126E-06,38,
191,1,LM_T01,Transect,170,21,1,25.468658,4737,4961,20003.05207,20997.08917,20240908, 20:45:46.2730,20240908, 20:49:30.2840,45.13491124,-65.01496532,45.13859931,-65.00349755,14.0.213.0,20240913, 13:20:35.2590,LM_Sep08_2024,2.114E-06,38,
192,1,LM_T01,Transect,170,22,1,24.152317,4962,5184,21001.48476,21999.77167,20240908, 20:49:31.2730,20240908, 20:53:13.2730,45.13861904,-65.00344912,45.14252151,-64.99205738,14.0.213.0,20240913, 13:20:35.2590,LM_Sep08_2024,2.01254E-06,38,
193,1,LM_T01,Transect,170,23,1,22.870989,5185,5408,22005.45882,22996.67355,20240908, 20:53:14.2740,20240908, 20:56:57.2810,45.14254086,-64.99199066,45.14647607,-64.98072251,14.0.213.0,20240913, 13:20:35.2590,LM_Sep08_2024,1.48023E-06,38,
194,1,LM_T01,Transect,170,24,1,21.535425,5409,5636,23001.08422,23996.928,20240908, 20:56:58.2740,20240908, 21:00:45.2840,45.14649604,-64.98067406,45.15032003,-64.96927804,14.0.213.0,20240913, 13:20:35.2590,LM_Sep08_2024,1.20531E-06,38,
195,1,LM_T01,Transect,170,25,1,21.107932,5637,5875,24000.98783,24996.89752,20240908, 21:00:46.2740,20240908, 21:04:44.2840,45.15033394,-64.96923031,45.15405008,-64.95780972,14.0.213.0,20240913, 13:20:35.2590,LM_Sep08_2024,1.89571E-06,38,
196,1,LM_T01,Transect,170,26,1,20.165706,5876,6112,25000.36988,25997.42607,20240908, 21:04:45.2740,20240908, 21:08:41.2740,45.15406499,-64.95777207,45.15775587,-64.94629746,14.0.213.0,20240913, 13:20:35.2590,LM_Sep08_2024,4.9894E-06,38,
197,1,LM_T01,Transect,170,27,1,20.127943,6113,6349,26001.77759,26997.79333,20240908, 21:08:42.2740,20240908, 21:12:38.2730,45.15777011,-64.94624592,45.16159755,-64.93489569,14.0.213.0,20240913, 13:20:35.2590,LM_Sep08_2024,2.11063E-06,38,
198,1,LM_T01,Transect,170,28,1,19.978253,6350,6585,27002.19211,27997.02143,20240908, 21:12:39.2730,20240908, 21:16:34.2730,45.16161339,-64.93484444,45.16554438,-64.92357592,14.0.213.0,20240913, 13:20:35.2590,LM_Sep08_2024,9.55825E-07,38,
199,1,LM_T01,Transect,170,29,1,20.391368,6586,6821,28000.33567,28998.23365,20240908, 21:16:35.2730,20240908, 21:20:30.2730,45.16556101,-64.92354212,45.16938876,-64.9121429,14.0.213.0,20240913, 13:20:35.2590,LM_Sep08_2024,8.37084E-07,38,
200,1,LM_T01,Transect,170,30,1,21.317373,6822,7055,29003.16095,29999.09996,20240908, 21:20:31.2730,20240908, 21:24:24.2730,45.169408,-64.91208871,45.17313024,-64.90064786,14.0.213.0,20240913, 13:20:35.2590,LM_Sep08_2024,1.31573E-06,38,
201,1,LM_T01,Transect,170,31,1,21.615861,7056,7286,30003.57801,30996.96581,20240908, 21:24:25.2740,20240908, 21:28:15.2740,45.17314616,-64.90059556,45.17693375,-64.88920917,14.0.213.0,20240913, 13:20:35.2590,LM_Sep08_2024,1.55988E-06,38,
202,1,LM_T01,Transect,170,32,1,21.336308,7287,7518,31001.31187,31996.63504,20240908, 21:28:16.2730,20240908, 21:32:07.2730,45.17695063,-64.88915934,45.18059305,-64.87762252,14.0.213.0,20240913, 13:20:35.2590,LM_Sep08_2024,1.34846E-06,38,
203,1,LM_T01,Transect,170,33,1,21.047532,7519,7752,32001.04183,32997.61856,20240908, 21:32:08.2740,20240908, 21:36:01.2740,45.18060969,-64.87757164,45.18417448,-64.86600926,14.0.213.0,20240913, 13:20:35.2590,LM_Sep08_2024,1.59111E-06,38,
204,1,LM_T01,Transect,170,34,1,21.592031,7753,7986,33001.13791,33999.40017,20240908, 21:36:02.2730,20240908, 21:39:55.2740,45.18418777,-64.86596961,45.18779201,-64.8544336,14.0.213.0,20240913, 13:20:35.2590,LM_Sep08_2024,1.47135E-06,38,
205,1,LM_T01,Transect,170,35,1,22.142707,7987,8222,34003.43802,34998.85129,20240908, 21:39:56.2730,20240908, 21:43:51.2730,45.1878027,-64.8543845,45.19140485,-64.84304931,14.0.213.0,20240913, 13:20:35.2590,LM_Sep08_2024,8.22875E-07,38,
206,1,LM_T01,Transect,170,36,1,21.929477,8223,8454,35003.16481,35997.61157,20240908, 21:43:52.2840,20240908, 21:47:43.2730,45.1914183,-64.84299782,45.19494559,-64.83146357,14.0.213.0,20240913, 13:20:35.2590,LM_Sep08_2024,6.31874E-07,38,
207,1,LM_T01,Transect,170,37,1,21.900295,8455,8683,36001.83959,36999.45888,20240908, 21:47:44.2740,20240908, 21:51:32.2730,45.19496071,-64.8314142,45.19868505,-64.81991552,14.0.213.0,20240913, 13:20:35.2590,LM_Sep08_2024,7.51054E-07,38,
208,1,LM_T01,Transect,170,38,1,21.56951,8684,8910,37003.95757,37997.00919,20240908, 21:51:33.2730,20240908, 21:55:19.2750,45.19870267,-64.81986399,45.20255194,-64.80848983,14.0.213.0,20240913, 13:20:35.2590,LM_Sep08_2024,9.73061E-07,38,
209,1,LM_T01,Transect,170,39,1,21.328748,8911,9137,38001.42926,38999.65835,20240908, 21:55:20.2730,20240908, 21:59:06.2850,45.20256955,-64.80843941,45.20645998,-64.79702925,14.0.213.0,20240913, 13:20:35.2590,LM_Sep08_2024,8.35445E-07,38,
210,1,LM_T01,Transect,170,40,1,21.06402,9138,9359,39003.63011,39999.33794,20240908, 21:59:07.2730,20240908, 22:02:48.2730,45.20647312,-64.79698224,45.2103524,-64.78559338,14.0.213.0,20240913, 13:20:35.2590,LM_Sep08_2024,1.0062E-06,38,
211,1,LM_T01,Transect,170,41,1,22.033677,9360,9577,40003.67719,40997.31473,20240908, 22:02:49.2740,20240908, 22:06:26.2740,45.21037134,-64.78554509,45.21454185,-64.77440548,14.0.213.0,20240913, 13:20:35.2590,LM_Sep08_2024,1.24177E-06,38,
212,1,LM_T01,Transect,170,42,1,22.817373,9578,9794,41001.8178,41997.96368,20240908, 22:06:27.2730,20240908, 22:10:03.2730,45.21456259,-64.77435624,45.2187336,-64.76318695,14.0.213.0,20240913, 13:20:35.2590,LM_Sep08_2024,8.43074E-07,38,
213,1,LM_T01,Transect,170,43,1,22.660512,9795,10006,42003.96599,42998.54483,20240908, 22:10:04.2730,20240908, 22:13:35.2740,45.21875522,-64.76311723,45.22276617,-64.75186279,14.0.213.0,20240913, 13:20:35.2590,LM_Sep08_2024,3.57813E-07,38,
214,1,LM_T01,Transect,170,44,1,23.113612,10007,10211,43002.64384,43998.50261,20240908, 22:13:36.2730,20240908, 22:17:00.2730,45.22278503,-64.75181795,45.22640319,-64.74030109,14.0.213.0,20240913, 13:20:35.2590,LM_Sep08_2024,1.02456E-06,38,
215,1,LM_T01,Transect,170,45,1,23.254289,10212,10418,44004.01555,44998.34429,20240908, 22:17:01.2730,20240908, 22:20:27.2760,45.22642165,-64.74023627,45.23001467,-64.72871599,14.0.213.0,20240913, 13:20:35.2590,LM_Sep08_2024,9.93378E-07,38,
216,1,LM_T01,Transect,170,46,1,22.984147,10419,10629,45003.84875,45997.63063,20240908, 22:20:28.2740,20240908, 22:23:58.2730,45.23003068,-64.72864981,45.23346583,-64.71703241,14.0.213.0,20240913, 13:20:35.2590,LM_Sep08_2024,6.72489E-07,38,
217,1,LM_T01,Transect,170,47,1,22.850693,10630,10644,46003.19411,46069.91111,20240908, 22:23:59.2740,20240908, 22:24:13.2850,45.23348248,-64.71696585,45.23370263,-64.71618015,14.0.213.0,20240913, 13:20:35.2590,LM_Sep08_2024,5.42446E-08,38,
218,2,LM_T02,Transect,170,56,1,19.176632,12546,12655,55508.63403,55997.92032,20240908, 22:55:55.2720,20240908, 22:57:44.2730,45.29229938,-64.79585814,45.29079802,-64.80165759,14.0.213.0,20240913, 13:20:35.2590,LM_Sep08_2024,3.76075E-07,38,
219,2,LM_T02,Transect,170,57,1,20.391473,12656,12878,56001.99763,56998.93375,20240908, 22:57:45.2730,20240908, 23:01:27.2840,45.29078299,-64.801705,45.28711325,-64.81324859,14.0.213.0,20240913, 13:20:35.2590,LM_Sep08_2024,1.40886E-06,38,
220,2,LM_T02,Transect,170,58,1,19.25064,12879,13114,57003.09941,57998.45151,20240908, 23:01:28.2740,20240908, 23:05:23.2730,45.28709788,-64.81329702,45.28338283,-64.82477483,14.0.213.0,20240913, 13:20:35.2590,LM_Sep08_2024,6.27992E-06,38,
221,2,LM_T02,Transect,170,59,1,20.217365,13115,13347,58003.37767,58998.54171,20240908, 23:05:24.2740,20240908, 23:09:16.2730,45.28336902,-64.82483443,45.27994403,-64.83649374,14.0.213.0,20240913, 13:20:35.2590,LM_Sep08_2024,2.33793E-06,38,
222,2,LM_T02,Transect,170,60,1,20.720268,13348,13584,59002.71449,59998.3232,20240908, 23:09:17.2750,20240908, 23:13:13.2850,45.27993064,-64.83654343,45.27739949,-64.84866374,14.0.213.0,20240913, 13:20:35.2590,LM_Sep08_2024,1.1933E-05,38,
223,2,LM_T02,Transect,170,61,1,20.926585,13585,13818,60001.90129,60994.77052,20240908, 23:13:14.2730,20240908, 23:17:07.2730,45.2773908,-64.84870765,45.27563522,-64.86109105,14.0.213.0,20240913, 13:20:35.2590,LM_Sep08_2024,8.02186E-06,38,
224,2,LM_T02,Transect,170,62,1,20.49127,13819,14048,61000.20045,61994.96194,20240908, 23:17:08.2740,20240908, 23:20:57.2730,45.27562738,-64.86115933,45.27307851,-64.87306053,14.0.213.0,20240913, 13:20:35.2590,LM_Sep08_2024,1.57078E-05,38,
225,2,LM_T02,Transect,170,63,1,20.622009,14049,14275,62000.27108,62999.98245,20240908, 23:20:58.2740,20240908, 23:24:44.2740,45.27305378,-64.87311841,45.26763997,-64.88302602,14.0.213.0,20240913, 13:20:35.2590,LM_Sep08_2024,4.68133E-06,38,
226,2,LM_T02,Transect,170,64,1,22.561322,14276,14501,63005.29684,63998.96474,20240908, 23:24:45.2730,20240908, 23:28:30.2730,45.26761435,-64.88308319,45.26219159,-64.8928628,14.0.213.0,20240913, 13:20:35.2590,LM_Sep08_2024,1.19416E-06,38,
227,2,LM_T02,Transect,170,65,1,24.427785,14502,14733,64004.13953,64997.79052,20240908, 23:28:31.2730,20240908, 23:32:22.2730,45.26216711,-64.89291888,45.25668623,-64.90262697,14.0.213.0,20240913, 13:20:35.2590,LM_Sep08_2024,8.17731E-07,38,
228,2,LM_T02,Transect,170,66,1,24.765426,14734,14966,65003.1363,65999.71306,20240908, 23:32:23.2740,20240908, 23:36:15.2740,45.25666171,-64.90268556,45.25135733,-64.91264193,14.0.213.0,20240913, 13:20:35.2590,LM_Sep08_2024,9.1465E-07,38,
229,2,LM_T02,Transect,170,67,1,25.652986,14967,15200,66004.44736,66996.1548,20240908, 23:36:16.2730,20240908, 23:40:09.2740,45.25133811,-64.91269567,45.24706756,-64.9236323,14.0.213.0,20240913, 13:20:35.2590,LM_Sep08_2024,8.84969E-07,38,
230,2,LM_T02,Transect,170,68,1,26.17372,15201,15439,67000.60355,67998.80765,20240908, 23:40:10.2730,20240908, 23:44:08.2730,45.24705094,-64.92368384,45.24302968,-64.93492389,14.0.213.0,20240913, 13:20:35.2590,LM_Sep08_2024,1.26353E-06,38,
231,2,LM_T02,Transect,170,69,1,24.497671,15440,15676,68003.33743,68998.30284,20240908, 23:44:09.2730,20240908, 23:48:05.2740,45.24301262,-64.93497627,45.23921432,-64.94636989,14.0.213.0,20240913, 13:20:35.2590,LM_Sep08_2024,1.23121E-06,38,
232,2,LM_T02,Transect,170,70,1,26.230502,15677,15923,69001.46437,69997.68234,20240908, 23:48:06.2740,20240908, 23:52:12.2850,45.23919984,-64.94640452,45.23538016,-64.95776257,14.0.213.0,20240913, 13:20:35.2590,LM_Sep08_2024,1.11216E-06,38,
233,2,LM_T02,Transect,170,71,1,27.979497,15924,16171,70002.05081,70997.84919,20240908, 23:52:13.2730,20240908, 23:56:20.2750,45.23536532,-64.95781409,45.23167693,-64.96927023,14.0.213.0,20240913, 13:20:35.2590,LM_Sep08_2024,1.01672E-06,38,
234,2,LM_T02,Transect,170,72,1,30.358673,16172,16423,71001.02006,71998.70017,20240908, 23:56:21.2730,20240909, 00:00:32.2730,45.23165948,-64.96930011,45.22794848,-64.98073241,14.0.213.0,20240913, 13:20:35.2590,LM_Sep08_2024,1.77078E-06,38,
235,2,LM_T02,Transect,170,73,1,28.548706,16424,16669,72002.94354,72998.06457,20240909, 00:00:33.2730,20240909, 00:04:38.2740,45.22793352,-64.98078132,45.22394459,-64.99200149,14.0.213.0,20240913, 13:20:35.2590,LM_Sep08_2024,1.3155E-06,38,
236,2,LM_T02,Transect,170,74,1,28.011049,16670,16897,73002.67639,73999.74895,20240909, 00:04:39.2730,20240909, 00:08:26.2740,45.22392465,-64.99205299,45.21983763,-65.00326249,14.0.213.0,20240913, 13:20:35.2590,LM_Sep08_2024,1.39632E-06,38,
237,2,LM_T02,Transect,170,75,1,24.523802,16898,17122,74004.3038,74998.28201,20240909, 00:08:27.2730,20240909, 00:12:11.2740,45.21981935,-65.00331439,45.21549207,-65.0142837,14.0.213.0,20240913, 13:20:35.2590,LM_Sep08_2024,1.34272E-06,38,
238,2,LM_T02,Transect,170,76,1,24.401731,17123,17342,75002.64136,75996.07933,20240909, 00:12:12.2730,20240909, 00:15:51.2750,45.21546853,-65.01432719,45.21099935,-65.02517102,14.0.213.0,20240913, 13:20:35.2590,LM_Sep08_2024,1.72991E-06,38,
239,2,LM_T02,Transect,170,77,1,27.769914,17343,17566,76000.6785,76999.21397,20240909, 00:15:52.2740,20240909, 00:19:35.2730,45.21097941,-65.02522231,45.20669869,-65.03629597,14.0.213.0,20240913, 13:20:35.2590,LM_Sep08_2024,3.27541E-06,38,
240,2,LM_T02,Transect,170,78,1,27.206495,17567,17788,77003.61241,77995.2556,20240909, 00:19:36.2740,20240909, 00:23:17.2730,45.20668316,-65.03634745,45.20299183,-65.04779285,14.0.213.0,20240913, 13:20:35.2590,LM_Sep08_2024,4.24035E-06,38,
241,2,LM_T02,Transect,170,79,1,29.32292,17789,18011,78001.44457,78999.22444,20240909, 00:23:18.2750,20240909, 00:27:00.2740,45.20297516,-65.04786788,45.19943642,-65.05947674,14.0.213.0,20240913, 13:20:35.2590,LM_Sep08_2024,3.3291E-06,38,
242,2,LM_T02,Transect,170,80,1,32.546053,18012,18232,79005.2779,79996.95165,20240909, 00:27:01.2840,20240909, 00:30:41.2740,45.19942259,-65.0595511,45.1963181,-65.07128968,14.0.213.0,20240913, 13:20:35.2590,LM_Sep08_2024,3.20809E-06,38,
243,2,LM_T02,Transect,170,81,1,35.839018,18233,18457,80000.96253,80994.06376,20240909, 00:30:42.2740,20240909, 00:34:26.2740,45.19630445,-65.07133693,45.19269168,-65.08284664,14.0.213.0,20240913, 13:20:35.2590,LM_Sep08_2024,3.4561E-06,38,
244,2,LM_T02,Transect,170,82,1,33.659499,18458,18686,81000.00014,81997.32881,20240909, 00:34:27.2730,20240909, 00:38:15.2730,45.19267373,-65.08291772,45.18890824,-65.09437463,14.0.213.0,20240913, 13:20:35.2590,LM_Sep08_2024,3.89874E-06,38,
245,2,LM_T02,Transect,170,83,1,28.843482,18687,18916,82000.13307,82998.33039,20240909, 00:38:16.2850,20240909, 00:42:05.2840,45.18889141,-65.09439995,45.18508304,-65.10578332,14.0.213.0,20240913, 13:20:35.2590,LM_Sep08_2024,3.71703E-06,38,
246,2,LM_T02,Transect,170,84,1,27.106063,18917,19154,83002.32398,83998.56889,20240909, 00:42:06.2740,20240909, 00:46:03.2730,45.18506523,-65.10582694,45.18139766,-65.11730282,14.0.213.0,20240913, 13:20:35.2590,LM_Sep08_2024,3.42803E-06,38,
247,2,LM_T02,Transect,170,85,1,26.942599,19155,19394,84002.80172,84997.3552,20240909, 00:46:04.2840,20240909, 00:50:03.2870,45.18138114,-65.117351,45.17710472,-65.12829833,14.0.213.0,20240913, 13:20:35.2590,LM_Sep08_2024,4.15017E-06,38,
248,2,LM_T02,Transect,170,86,1,28.400733,19395,19631,85002.10143,85997.61621,20240909, 00:50:04.2740,20240909, 00:54:00.2750,45.17708666,-65.12835304,45.17278595,-65.13931788,14.0.213.0,20240913, 13:20:35.2590,LM_Sep08_2024,2.95993E-06,38,
249,2,LM_T02,Transect,170,87,1,29.892071,19632,19866,86001.76089,86995.83411,20240909, 00:54:01.2730,20240909, 00:57:55.2740,45.17276829,-65.13936406,45.16882918,-65.150618,14.0.213.0,20240913, 13:20:35.2590,LM_Sep08_2024,2.65866E-06,38,
250,2,LM_T02,Transect,170,88,1,32.250644,19867,20100,87000.16033,87996.82626,20240909, 00:57:56.2740,20240909, 01:01:49.2850,45.1688156,-65.15066957,45.16520068,-65.16222357,14.0.213.0,20240913, 13:20:35.2590,LM_Sep08_2024,2.24116E-06,38,
251,2,LM_T02,Transect,170,89,1,31.831407,20101,20338,88001.15207,88996.03005,20240909, 01:01:50.2730,20240909, 01:05:47.2730,45.16518591,-65.16227447,45.16151113,-65.17372967,14.0.213.0,20240913, 13:20:35.2590,LM_Sep08_2024,3.32978E-06,38,
252,2,LM_T02,Transect,170,90,1,34.991791,20339,20574,89000.49474,89999.19518,20240909, 01:05:48.2850,20240909, 01:09:43.2730,45.16149408,-65.17378109,45.15750463,-65.18506843,14.0.213.0,20240913, 13:20:35.2590,LM_Sep08_2024,3.44248E-06,38,
253,2,LM_T02,Transect,170,91,1,34.198379,20575,20810,90003.47927,90998.35863,20240909, 01:09:44.2750,20240909, 01:13:39.2740,45.15748606,-65.18511564,45.15345424,-65.19630034,14.0.213.0,20240913, 13:20:35.2590,LM_Sep08_2024,3.84619E-06,38,
254,2,LM_T02,Transect,170,92,1,34.075463,20811,21050,91002.88685,91996.63481,20240909, 01:13:40.2750,20240909, 01:17:39.2740,45.15343619,-65.19635196,45.14934285,-65.20743882,14.0.213.0,20240913, 13:20:35.2590,LM_Sep08_2024,4.25966E-06,38,
255,2,LM_T02,Transect,170,93,1,36.064335,21051,21288,92001.28142,92996.27576,20240909, 01:17:40.2730,20240909, 01:21:37.2740,45.14932293,-65.20749076,45.1448857,-65.21829934,14.0.213.0,20240913, 13:20:35.2590,LM_Sep08_2024,3.90737E-06,38,
256,2,LM_T02,Transect,170,94,1,37.637408,21289,21524,93000.83497,93999.06973,20240909, 01:21:38.2740,20240909, 01:25:33.2840,45.14486906,-65.21835234,45.1403343,-65.22911923,14.0.213.0,20240913, 13:20:35.2590,LM_Sep08_2024,4.2003E-06,38,
257,2,LM_T02,Transect,170,95,1,35.999872,21525,21685,94003.35759,94693.20621,20240909, 01:25:34.2740,20240909, 01:28:14.2730,45.14031579,-65.22916642,45.13712717,-65.23657034,14.0.213.0,20240913, 13:20:35.2590,LM_Sep08_2024,6.15562E-06,38,
