Plant,Method ,Date,Vessel,Lat,Lon,Ground,Fat%,Fish Length (cm),FishWeight(g)
Sea Life,1,12-May-26,LADY MELISSA,45°17.0,64°53.0,SCOTS BAY,11.00%,30.48,202
Sea Life,1,12-May-26,LADY MELISSA,45°17.0,64°53.0,SCOTS BAY,4.00%,30.48,189
Sea Life,1,12-May-26,LADY MELISSA,45°17.0,64°53.0,SCOTS BAY,4.80%,27.94,173
Sea Life,1,12-May-26,LADY MELISSA,45°17.0,64°53.0,SCOTS BAY,10.60%,27.94,210
Sea Life,1,26-May-26,LADY MELISSA,45°16.4,64°58.7,SCOTS BAY,5.00%,30.48,193
Sea Life,1,26-May-26,LADY MELISSA,45°16.5,64°58.8,SCOTS BAY,12.60%,31.75,251
Sea Life,1,26-May-26,LADY MELISSA,45°16.6,64°58.9,SCOTS BAY,11.60%,29.21,215
Sea Life,1,26-May-26,LADY MELISSA,45°16.7,64°58.10,SCOTS BAY,9.00%,29.21,192
Sea Life,1,26-May-26,LADY MELISSA,45°16.8,64°58.11,SCOTS BAY,9.20%,31.75,226
Sea Life,1,26-May-26,LADY MELISSA,45°16.9,64°58.12,SCOTS BAY,10.00%,29.21,196
Sea Life,1,26-May-26,LADY MELISSA,45°16.10,64°58.13,SCOTS BAY,6.80%,27.94,190
Sea Life,1,26-May-26,LADY MELISSA,45°16.11,64°58.14,SCOTS BAY,5.80%,27.94,171
Sea Life,1,08-Jun-26,LADY JANICE II,45°16.31,64°53.20,SCOTS BAY,7.20%,29.21,221
Sea Life,1,08-Jun-26,LADY JANICE II,45°16.31,64°53.20,SCOTS BAY,9.40%,26.67,139
Sea Life,1,08-Jun-26,LADY JANICE II,45°16.31,64°53.20,SCOTS BAY,5.80%,30.48,239
Sea Life,1,08-Jun-26,LADY JANICE II,45°16.31,64°53.20,SCOTS BAY,8.60%,31.75,253
Sea Life,1,09-Jun-26,LADY MELISSA,45°15.9,64°56.3,SCOTS BAY,7.20%,29.21,221
Sea Life,1,09-Jun-26,LADY MELISSA,45°15.9,64°56.3,SCOTS BAY,9.40%,26.67,139
Sea Life,1,09-Jun-26,LADY MELISSA,45°15.9,64°56.3,SCOTS BAY,5.80%,30.48,239
Sea Life,1,09-Jun-26,LADY MELISSA,45°15.9,64°56.3,SCOTS BAY,8.60%,21.75,253
Sea Life,1,09-Jun-26,LADY JANICE II,45°16.35,64°56.23,SCOTS BAY,7.00%,29.21,213
Sea Life,1,09-Jun-26,LADY JANICE II,45°16.35,64°56.23,SCOTS BAY,7.00%,30.48,221
Sea Life,1,09-Jun-26,LADY JANICE II,45°16.35,64°56.23,SCOTS BAY,7.40%,29.21,204
Sea Life,1,09-Jun-26,LADY JANICE II,45°16.35,64°56.23,SCOTS BAY,11.20%,29.21,201
Sea Life,2,23-Jun-26,LADY JANICE II,45°11.46,64°59.36,SCOTS BAY,11.00%,30.48,257
Sea Life,3,23-Jun-26,LADY JANICE II,45°11.46,64°59.36,SCOTS BAY,12.80%,27.94,196
Sea Life,4,23-Jun-26,LADY JANICE II,45°11.46,64°59.36,SCOTS BAY,10.40%,27.94,207
Sea Life,5,23-Jun-26,LADY JANICE II,45°11.46,64°59.36,SCOTS BAY,9.20%,25.4,130
Sea Life,1,29-Jun-26,LADY MELISSA,43°16.8,66°24.5,GERMAN BANK,15.00%,25.4,143
Sea Life,1,29-Jun-26,LADY MELISSA,43°16.8,66°24.5,GERMAN BANK,17.20%,22.86,90
Sea Life,1,29-Jun-26,LADY MELISSA,43°16.8,66°24.5,GERMAN BANK,7.20%,22.86,90
Sea Life,1,29-Jun-26,LADY MELISSA,43°16.8,66°24.5,GERMAN BANK,20.60%,25.4,121
Sea Life,1,29-Jun-26,LADY JANICE II,44°17.17,66°58.40,G.M. BANKS,4.60%,22.86,75
Sea Life,1,29-Jun-26,LADY JANICE II,44°17.17,66°58.40,G.M. BANKS,16.00%,24.13,106
Sea Life,1,29-Jun-26,LADY JANICE II,44°17.17,66°58.40,G.M. BANKS,9.80%,21.59,74
Sea Life,1,29-Jun-26,LADY JANICE II,44°17.17,66°58.40,G.M. BANKS,13.20%,21.59,77
Sea Life,1,30-Jun-26,LADY JANICE II,44°16.45,66°57.97,G.M. BANKS,4.00%,22.86,77
Sea Life,1,30-Jun-26,LADY JANICE II,44°16.45,66°57.97,G.M. BANKS,6.60%,19.05,45
Sea Life,1,30-Jun-26,LADY JANICE II,44°16.45,66°57.97,G.M. BANKS,10.40%,20.32,83
Sea Life,1,30-Jun-26,LADY JANICE II,44°16.45,66°57.97,G.M. BANKS,12.60%,24.13,108
Sea Life,1,30-Jun-26,LADY MELISSA,43°12.5,66°20.9,S.W. BANKS,19.60%,25.4,186
Sea Life,1,30-Jun-26,LADY MELISSA,43°12.5,66°20.9,S.W. BANKS,18.60%,25.4,110
Sea Life,1,30-Jun-26,LADY MELISSA,43°12.5,66°20.9,S.W. BANKS,10.00%,24.13,99
Sea Life,1,30-Jun-26,LADY MELISSA,43°12.5,66°20.9,S.W. BANKS,7.40%,25.4,139
Sea Life,1,01-Jul-26,LADY JANICE II,43°12.41,66°21.11,GERMAN BANK,16.00%,26.67,165
Sea Life,1,01-Jul-26,LADY JANICE II,43°12.41,66°21.11,GERMAN BANK,13.80%,24.5,126
Sea Life,1,01-Jul-26,LADY JANICE II,43°12.41,66°21.11,GERMAN BANK,18.80%,26.67,147
Sea Life,1,01-Jul-26,LADY JANICE II,43°12.41,66°21.11,GERMAN BANK,15.80%,26.67,150
Sea Life,1,01-Jul-26,LADY MELISSA,43°12.8,66°21.6,GERMAN BANK,14.80%,26.67,140
Sea Life,1,01-Jul-26,LADY MELISSA,43°12.8,66°21.6,GERMAN BANK,12.20%,24.13,104
Sea Life,1,01-Jul-26,LADY MELISSA,43°12.8,66°21.6,GERMAN BANK,12.00%,25.4,119
Sea Life,1,01-Jul-26,LADY MELISSA,43°12.8,66°21.6,GERMAN BANK,17.00%,26.67,152
Sea Life,1,07-Jul-26,LADY MELISSA,43°54.1,66°28.8,LURCHER,15.80%,22.86,98
Sea Life,1,07-Jul-26,LADY MELISSA,43°54.1,66°28.8,LURCHER,6.40%,20.32,53
Sea Life,1,07-Jul-26,LADY MELISSA,43°54.1,66°28.8,LURCHER,6.20%,20.32,53
Sea Life,1,07-Jul-26,LADY MELISSA,43°54.1,66°28.8,LURCHER,10.20%,17.78,41
Sea Life,1,08-Jul-26,LADY JANICE II,43°53.32,66°29.18,LURCHER,14.20%,22.86,88
Sea Life,1,08-Jul-26,LADY JANICE II,43°53.32,66°29.18,LURCHER,9.00%,20.32,58
Sea Life,1,08-Jul-26,LADY JANICE II,43°53.32,66°29.18,LURCHER,6.40%,19.05,51
Sea Life,1,08-Jul-26,LADY JANICE II,43°53.32,66°29.18,LURCHER,13.40%,17.78,22
Sea Life,1,13-Jul-26,LADY JANICE II,44°19.50,66°23.43,LONG ISLAND,10.00%,19.05,44
Sea Life,1,13-Jul-26,LADY JANICE II,44°19.50,66°23.43,LONG ISLAND,10.20%,19.05,48
Sea Life,1,13-Jul-26,LADY JANICE II,44°19.50,66°23.43,LONG ISLAND,6.20%,20.32,80
Sea Life,1,13-Jul-26,LADY JANICE II,44°19.50,66°23.43,LONG ISLAND,12.80%,19.05,55
Sea Life,1,14-Jul-26,LADY JANICE II,44°19.81,66°22.66,LONG ISLAND,8.20%,19.05,38
Sea Life,1,14-Jul-26,LADY JANICE II,44°19.81,66°22.66,LONG ISLAND,11.00%,20.32,52
Sea Life,1,14-Jul-26,LADY JANICE II,44°19.81,66°22.66,LONG ISLAND,10.00%,20.32,35
Sea Life,1,14-Jul-26,LADY MELISSA,44°19.5,66°22.66,LONG ISLAND,8.80%,19.05,46
Sea Life,1,14-Jul-26,LADY MELISSA,44°19.5,66°22.66,LONG ISLAND,14.60%,20.32,67
Sea Life,1,14-Jul-26,LADY MELISSA,44°19.5,66°22.66,LONG ISLAND,12.60%,22.86,55
Sea Life,1,16-Jul-26,LADY JANICE II,44°32.043,63°28.79,GRAND MANAN,10.00%,21.59,50
Sea Life,1,16-Jul-26,LADY JANICE II,44°32.043,63°28.79,GRAND MANAN,7.00%,22.86,50
Sea Life,1,16-Jul-26,LADY JANICE II,44°32.043,63°28.79,GRAND MANAN,7.20%,19.05,44
Sea Life,1,16-Jul-26,LADY JANICE II,44°32.043,63°28.79,GRAND MANAN,12.40%,22.86,58
Sea Life,1,16-Jul-26,LADY MELISSA,44°21.0,66°20.8,GRAND MANAN,11.20%,17.78,39
Sea Life,1,16-Jul-26,LADY MELISSA,44°21.0,66°20.8,GRAND MANAN,8.60%,19.05,47
Sea Life,1,16-Jul-26,LADY MELISSA,44°21.0,66°20.8,GRAND MANAN,9.40%,20.32,51
Sea Life,1,16-Jul-26,LADY MELISSA,44°21.0,66°20.8,GRAND MANAN,10.40%,15.24,30
Sea Life,1,21-Jul-26,LADY MELISSA,45°10.1,65°01.3,SCOTS BAY,10.40%,27.94,209
Sea Life,1,21-Jul-26,LADY MELISSA,45°10.1,65°01.3,SCOTS BAY,10.20%,24.13,85
Sea Life,1,21-Jul-26,LADY MELISSA,45°10.1,65°01.3,SCOTS BAY,7.60%,25.4,99
Sea Life,1,21-Jul-26,LADY MELISSA,45°10.1,65°01.3,SCOTS BAY,12.80%,27.94,212
Sea Life,1,27-Jul-26,BRUNSWICK PROVIDER,45°13,64°47,SCOTS BAY,9.20%,30.48,240
Sea Life,1,27-Jul-26,BRUNSWICK PROVIDER,45°13,64°47,SCOTS BAY,9.20%,26.67,117
Sea Life,1,27-Jul-26,BRUNSWICK PROVIDER,45°13,64°47,SCOTS BAY,10.60%,30.48,256
Sea Life,1,27-Jul-26,BRUNSWICK PROVIDER,45°13,64°47,SCOTS BAY,10.20%,27.94,94
Sea Life,1,29-Jul-26,LADY JANICE II,44°39.61,66°39.29,GRAND MANAN,18.00%,22.86,78
Sea Life,1,29-Jul-26,LADY JANICE II,44°39.61,66°39.29,GRAND MANAN,8.40%,21.59,32
Sea Life,1,29-Jul-26,LADY JANICE II,44°39.61,66°39.29,GRAND MANAN,15.60%,21.59,35
Sea Life,1,29-Jul-26,LADY JANICE II,44°39.61,66°39.29,GRAND MANAN,10.20%,21.59,45
Sea Life,1,30-Jul-26,LADY JANICE II,,,GERMAN BANK,10.00%,20.32,58
Sea Life,1,30-Jul-26,LADY JANICE II,,,GERMAN BANK,7.60%,19.05,44
Sea Life,1,30-Jul-26,LADY JANICE II,,,GERMAN BANK,15.00%,17.78,37
Sea Life,1,30-Jul-26,LADY JANICE II,,,GERMAN BANK,7.00%,19.05,44
Sea Life,1,30-Jul-26,LADY MELISSA,44°37.1,66°39.1,GERMAN BANK,9.40%,20.32,60
Sea Life,1,30-Jul-26,LADY MELISSA,44°37.1,66°39.1,GERMAN BANK,12.20%,19.05,44
Sea Life,1,30-Jul-26,LADY MELISSA,44°37.1,66°39.1,GERMAN BANK,5.20%,19.05,52
Sea Life,1,30-Jul-26,LADY MELISSA,44°37.1,66°39.1,GERMAN BANK,16.00%,20.32,71
Sea Life,1,31-Jul-26,LADY JANICE II,,,GRAND MANAN,11.20%,22.86,79
Sea Life,1,31-Jul-26,LADY JANICE II,,,GRAND MANAN,3.60%,17.78,41
Sea Life,1,31-Jul-26,LADY JANICE II,,,GRAND MANAN,17.20%,17.78,68
Sea Life,1,31-Jul-26,LADY JANICE II,,,GRAND MANAN,9.80%,22.86,61
