id,Area,X,Y
1,2G,-61.666667,57.666667
2,2G,-52.083333,57.666667
3,2G,-59,61
4,2G,-64.5,61
5,2G,-64.5,60.433333
6,2Ga,-63.75,59.5
7,2Ga,-62,59.5
8,2Ga,-62,60.5
9,2Ga,-64.5,60.5
10,2Gb,-62,59.5
11,2Gb,-60,59.5
12,2Gb,-60,60.5
13,2Gb,-62,60.5
14,2Gb,-62,59.5
15,2Gc,-62.583333,58.5
16,2Gc,-61,58.5
17,2Gc,-61,59.5
18,2Gc,-63.75,59.5
19,2Gd,-61,58.5
20,2Gd,-59,58.5
21,2Gd,-59,59.5
22,2Gd,-61,59.5
23,2Gd,-61,58.5
24,2Ge,-61.666667,57.666667
25,2Ge,-61,57.666667
26,2Ge,-61,58.5
27,2Ge,-62.583333,58.5
28,2Gf,-61,57.666667
29,2Gf,-59,57.666667
30,2Gf,-59,58.5
31,2Gf,-61,58.5
32,2Gf,-61,57.666667
33,2Gp,-59,57.666667
34,2Gp,-57,57.666667
35,2Gp,-57,58.5
36,2Gp,-59,58.5
37,2Gp,-59,57.666667
38,2H,-60,55.333333
39,2H,-47.58333,55.333333
40,2H,-52.083333,57.666667
41,2H,-61.666667,57.666667
42,2Ha,-61.25,56.5
43,2Ha,-60,56.5
44,2Ha,-60,57.666667
45,2Ha,-61.666667,57.666667
46,2Hb,-60,56.5
47,2Hb,-58,56.5
48,2Hb,-58,57.666667
49,2Hb,-60,57.666667
50,2Hb,-60,56.5
51,2Hc,-58,56.5
52,2Hc,-56,56.5
53,2Hc,-56,57.666667
54,2Hc,-58,57.666667
55,2Hc,-58,56.5
56,2Hd,-60,55.333333
57,2Hd,-59,55.333333
58,2Hd,-59,56.5
59,2Hd,-61.25,56.5
60,2He,-59,55.333333
61,2He,-57,55.333333
62,2He,-57,56.5
63,2He,-59,56.5
64,2He,-59,55.333333
65,2Hf,-57,55.333333
66,2Hf,-55,55.333333
67,2Hf,-55,56.5
68,2Hf,-57,56.5
69,2Hf,-57,55.333333
70,2J,-55.666667,52.25
71,2J,-42,52.25
72,2J,-47.583333,55.333333
73,2J,-60,55.333333
74,2Ja,-57.166667,54.5
75,2Ja,-56.5,54.5
76,2Ja,-59,55.333333
77,2Ja,-60,55.333333
78,2Jb,-56.5,54.5
79,2Jb,-55,54.5
80,2Jb,-55,55.333333
81,2Jb,-59,55.333333
82,2Jb,-56.5,54.5
83,2Jc,-55,54.5
84,2Jc,-52,54.5
85,2Jc,-52,55.333333
86,2Jc,-55,55.333333
87,2Jc,-55,54.5
88,2Jd,-56.5,53.7
89,2Jd,-55.5,53.583333
90,2Jd,-56.5,54.5
91,2Jd,-57.166667,54.5
92,2Je,-55.5,53.583333
93,2Je,-54,53.25
94,2Je,-54,54.5
95,2Je,-56.5,54.5
96,2Je,-55.5,53.583333
97,2Jf,-54,53.25
98,2Jf,-52,53.25
99,2Jf,-52,54.5
100,2Jf,-54,54.5
101,2Jf,-54,53.25
102,2Jg,-52,53.25
103,2Jg,-50,53.25
104,2Jg,-50,54.5
105,2Jg,-52,54.5
106,2Jg,-52,53.25
107,2Jm,-55.666667,52.25
108,2Jm,-55.5,52.25
109,2Jm,-55.5,53.583333
110,2Jm,-56.5,53.7
111,2Ji,-55.5,52.25
112,2Ji,-54,52.25
113,2Ji,-54,53.25
114,2Ji,-55.5,53.583333
115,2Ji,-55.5,52.25
116,2Jn,-54,52.25
117,2Jn,-52,52.25
118,2Jn,-52,53.25
119,2Jn,-54,53.25
120,2Jn,-54,52.25
121,2Jl,-52,52.25
122,2Jl,-50,52.25
123,2Jl,-50,53.25
124,2Jl,-52,53.25
125,2Jl,-52,52.25
126,3K,-53.466667,49.25
127,3K,-42,49.25
128,3K,-42,52.25
129,3K,-55.416667,52.25
130,3K,-55.416667,51.583333
131,3K,-56.102285,51.341848
132,3K,-56.993856,50.177702
133,3K,-56.993856,49.165326
134,3K,-54.839225,48.984481
135,3K,-53.799058,49.225461
136,3Ka,-55.566667,51.383333
137,3Ka,-54,50.333333
138,3Ka,-54,52.25
139,3Ka,-55.416667,52.25
140,3Ka,-55.416667,51.583333
141,3Kb,-54,51
142,3Kb,-52,51
143,3Kb,-52,52.25
144,3Kb,-54,52.25
145,3Kb,-54,51
146,3Kc,-52,51
147,3Kc,-49,51
148,3Kc,-49,52.25
149,3Kc,-52,52.25
150,3Kc,-52,51
151,3Kd,-56.166667,50.2
152,3Kd,-56,50.3
153,3Kd,-54,50.333333
154,3Kd,-56.566667,51.383333
155,3Ke,-54,50.333333
156,3Ke,-52.5,50
157,3Ke,-52.5,51
158,3Ke,-54,51
159,3Ke,-54,50.333333
160,3Kf,-52.5,49.25
161,3Kf,-51,49.25
162,3Kf,-51,51
163,3Kf,-52.5,51
164,3Kf,-52.5,49.25
165,3Kg,-51,49.25
166,3Kg,-48,49.25
167,3Kg,-48,51
168,3Kg,-51,51
169,3Kg,-51,49.25
170,3Kh,-55.333333,49.566667
171,3Kh,-54,50.333333
172,3Kh,-56,50.3
173,3Kh,-56.166667,50.2
174,3Ki,-53.466667,49.25
175,3Ki,-52.5,49.25
176,3Ki,-52.5,50
177,3Ki,-54,50.333333
178,3Ki,-55.333333,49.566667
179,3L,-54.166667,46.833333
180,3L,-54.5,46
181,3L,-46.5,46
182,3L,-46.5,49.25
183,3L,-53.466667,49.25
184,3L,-54.244844,49.105118
185,3L,-54.393439,48.25451
186,3L,-53.799058,47.947236
187,3La,-53.1,48.666667
188,3La,-52.5,49.25
189,3La,-53.466667,49.25
190,3Lb,-52.916667,48.166667
191,3Lb,-52.5,48.5
192,3Lb,-52.5,49.25
193,3Lb,-53.1,48.666667
194,3Lc,-52.5,48
195,3Lc,-51,49.25
196,3Lc,-52.5,49.25
197,3Lc,-52.5,49.25
198,3Lc,-52.5,48
199,3Ld,-51,48
200,3Ld,-49,48
201,3Ld,-49,49.25
202,3Ld,-51,49.25
203,3Ld,-51,48
204,3Le,-49,48
205,3Le,-46.5,48
206,3Le,-46.5,49.25
207,3Le,-49,49.25
208,3Le,-49,48
209,3Lf,-52.8,47.8
210,3Lf,-52.5,47.833333
211,3Lf,-52.5,48.5
212,3Lf,-52.916667,48.166667
213,3Lg,-52.5,47
214,3Lg,-51,47
215,3Lg,-51,48
216,3Lg,-52.5,48
217,3Lg,-52.5,47
218,3Lh,-51,47
219,3Lh,-49,47
220,3Lh,-49,48
221,3Lh,-51,48
222,3Lh,-51,47
223,3Li,-49,47
224,3Li,-46.5,47
225,3Li,-46.5,48
226,3Li,-49,48
227,3Li,-49,47
228,3Lj,-53.066667,46.65
229,3Lj,-52.5,46.5
230,3Lj,-52.5,47.833333
231,3Lj,-52.8,47.8
232,3Ls,-52.5,46
233,3Ls,-51,46
234,3Ls,-51,47
235,3Ls,-52.5,47
236,3Ls,-52.5,46
237,3Lr,-51,46
238,3Lr,-49,46
239,3Lr,-49,47
240,3Lr,-51,47
241,3Lr,-51,46
242,3Lt,-49,46
243,3Lt,-46.5,46
244,3Lt,-46.5,47
245,3Lt,-49,47
246,3Lt,-49,46
247,3Lq,-54.166667,46.833333
248,3Lq,-54.5,46
249,3Lq,-52.5,46
250,3Lq,-52.5,46.5
251,3Lq,-53.066667,46.65
252,3M,-46.5,49.25
253,3M,-46.5,39
254,3M,-42,39
255,3M,-42,49.25
256,3M,-46.5,49.25
257,3Ma,-46.5,47
258,3Ma,-45,47
259,3Ma,-45,49.25
260,3Ma,-46.5,49.25
261,3Ma,-46.5,47
262,3Mb,-45,47
263,3Mb,-42,47
264,3Mb,-42,49.25
265,3Mb,-45,49.25
266,3Mb,-45,47
267,3Mc,-46.5,45
268,3Mc,-45,45
269,3Mc,-45,47
270,3Mc,-46.5,47
271,3Mc,-46.5,45
272,3Md,-45,45
273,3Md,-42,45
274,3Md,-42,47
275,3Md,-45,47
276,3Md,-45,45
277,3N,-51,39.933333
278,3N,-50,39
279,3N,-46.5,39
280,3N,-46.5,46
281,3N,-51,46
282,3N,-51,39.933333
283,3Na,-51,45
284,3Na,-49,45
285,3Na,-49,46
286,3Na,-51,46
287,3Na,-51,45
288,3Nb,-49,45
289,3Nb,-46.5,45
290,3Nb,-46.5,46
291,3Nb,-49,46
292,3Nb,-49,45
293,3Nc,-51,43.5
294,3Nc,-49.5,43.5
295,3Nc,-49.5,45
296,3Nc,-51,45
297,3Nc,-51,43.5
298,3Nd,-49.5,43.5
299,3Nd,-46.5,43.5
300,3Nd,-46.5,45
301,3Nd,-49.5,45
302,3Nd,-49.5,43.5
303,3Ne,-51,42
304,3Ne,-50,42
305,3Ne,-50,43.5
306,3Ne,-51,43.5
307,3Ne,-51,42
308,3Nf,-50,42
309,3Nf,-46.5,42
310,3Nf,-46.5,43.5
311,3Nf,-50,43.5
312,3Nf,-50,42
313,3O,-54.5,42.97
314,3O,-51,39.933333
315,3O,-51,46
316,3O,-54.5,46
317,3O,-54.5,42.97
318,3Oa,-54.5,45
319,3Oa,-53,45
320,3Oa,-53,46
321,3Oa,-54.5,46
322,3Oa,-54.5,45
323,3Ob,-53,45
324,3Ob,-51,45
325,3Ob,-51,46
326,3Ob,-53,46
327,3Ob,-53,45
328,3Oc,-54.5,42.97
329,3Oc,-53,41.652
330,3Oc,-53,45
331,3Oc,-54.5,45
332,3Oc,-54.5,42.97
333,3Od,-53,44
334,3Od,-51,44
335,3Od,-51,45
336,3Od,-53,45
337,3Od,-53,44
338,3Oe,-53,42
339,3Oe,-51,42
340,3Oe,-51,44
341,3Oe,-53,44
342,3Oe,-53,42
343,3Of,-51,39.933333
344,3Of,-51,42
345,3Of,-53,42
346,3Of,-53,41.652
347,3Of,-51,39.933333
348,3P,-59.3,47.716667
349,3P,-59.583333,47.5
350,3P,-54.5,42.97
351,3P,-54.5,46
352,3P,-54.166667,46.833333
353,3Pn,-59.3,47.716667
354,3Pn,-59.583333,47.5
355,3Pn,-58.75,46.85
356,3Pn,-57.5,47.65
357,3Pa,-57.5,47.65
358,3Pa,-58.5,47
359,3Pa,-57,47
360,3Pa,-56.183333,47.5
361,3Pb,-56.183333,47.5
362,3Pb,-57,47
363,3Pb,-56,46.5
364,3Pb,-56,46.966667
365,3Pc,-56,46.966667
366,3Pc,-56,46.5
367,3Pc,-54.333333,46.5
368,3Pc,-54.333333,46.833333
369,3Pd,-58.8,46.85
370,3Pd,-57.75,46
371,3Pd,-57,46
372,3Pd,-57,47
373,3Pd,-58.5,47
374,3Pd,-58.75,46.883333
375,3Pe,-57,46
376,3Pe,-56,46
377,3Pe,-56,46.5
378,3Pe,-57,47
379,3Pe,-57,46
380,3Pf,-56,45.5
381,3Pf,-54.5,45.5
382,3Pf,-54.5,46
383,3Pf,-54.333333,46.5
384,3Pf,-56,46.5
385,3Pf,-56,45.5
386,3Pg,-57.75,46
387,3Pg,-56,44.466667
388,3Pg,-56,46
389,3Pg,-57.75,46
390,3Ph,-56,44.5
391,3Ph,-54.5,42.97
392,3Ph,-54.5,45.5
393,3Ph,-56,45.5
394,3Ph,-56,44.466667
395,4V,-60.25,45.716667
396,4V,-60,45.666667
397,4V,-60,44.166667
398,4V,-59,44.166667
399,4V,-59,39
400,4V,-50,39
401,4V,-60,47.833333
402,4V,-60.4,47.033333
403,4Vn,-60.25,45.716667
404,4Vn,-60,45.666667
405,4Vn,-57.55,45.666667
406,4Vn,-60,47.833333
407,4Vn,-60.4,47.033333
408,4Vb,-58.333333,45
409,4Vb,-58.333333,45.166667
410,4Vb,-56.982,45.166667
411,4Vb,-57.55,45.666667
412,4Vb,-60,45.666667
413,4Vb,-60,45
414,4Vc,-60,44.166667
415,4Vc,-59,44.166667
416,4Vc,-59,43.8
417,4Vc,-55.45,43.8
418,4Vc,-56.982,45.166667
419,4Vc,-58.333333,45.166667
420,4Vc,-58.333333,45
421,4Vc,-60,45
422,4Vc,-60,44.166667
423,4Ve,-59,42
424,4Ve,-53.4,42
425,4Ve,-55.45,43.8
426,4Ve,-59,43.8
427,4Ve,-59,42
428,4R,-57.1,51.416667
429,4R,-60,49.416667
430,4R,-60,47.833333
431,4R,-59.583333,47.5
432,4R,-59.3,47.716667
433,4R,-57.825125,48.232038
434,4R,-57.005339,50.043475
435,4R,-56.185553,51.272245
436,4R,-55.738396,51.445164
437,4R,-55.416667,51.65
438,4R,-55.416667,52.25
439,4R,-55.683333,52.25
440,4Ra,-55.683333,52.25
441,4Ra,-55.416667,52.25
442,4Ra,-55.416667,51.65
443,4Ra,-57.1,51.416667
444,4Ra,-58.15,50.716667
445,4Ra,-57.4,50.716667
446,4Rb,-57.4,50.716667
447,4Rb,-58.15,50.716667
448,4Rb,-59.25,49.95
449,4Rb,-58.25,49.25
450,4Rc,-58.25,49.25
451,4Rc,-59.25,49.95
452,4Rc,-60,49.416667
453,4Rc,-60,48.5
454,4Rc,-59.283333,48.5
455,4Rd,-59.283333,48.5
456,4Rd,-60,48.5
457,4Rd,-60,47.833333
458,4Rd,-59.583333,47.5
459,4Rd,-59.3,47.716667
460,4S,-67.4,49.333333
461,4S,-64.666667,49.416667
462,4S,-60,47.833333
463,4S,-60,49.416667
464,4S,-57.1,51.416667
465,4S,-57.64729,52.545215
466,4S,-67.164694,51.295737
467,4Sz,-67.4,49.333333
468,4Sz,-65.833333,49.383333
469,4Sz,-65.833333,50.25
470,4Si,-64.666667,49.416667
471,4Si,-65.833333,49.383333
472,4Si,-65.833333,50.033333
473,4Si,-64,50.033333
474,4Si,-64,49.916667
475,4Sy,-65.833333,50.25
476,4Sy,-65.833333,50.033333
477,4Sy,-62.916667,50.033333
478,4Sy,-61.166667,49.633333
479,4Sy,-61.166667,50.183333
480,4Sv,-61.166667,50.183333
481,4Sv,-61.166667,49.633333
482,4Sv,-60,49.416667
483,4Sv,-58.116667,50.716667
484,4Sv,-59,50.733333
485,4Sw,-59,50.733333
486,4Sw,-58.116667,50.716667
487,4Sw,-57.1,51.416667
488,4Ss,-64.25,49.75
489,4Ss,-64.666667,47.833333
490,4Ss,-60,47.833333
491,4Ss,-60,49
492,4Ss,-61.7,49.083333
493,4Sx,-61.7,49.083333
494,4Sx,-60,49
495,4Sx,-60,49.416667
496,4Sx,-61.166667,49.633333
497,4Sx,-62.916667,50.033333
498,4Sx,-64,50.033333
499,4Sx,-64,49.916667
500,4T,-67.4,49.333333
501,4T,-64.666667,49.416667
502,4T,-60,47.833333
503,4T,-60.4,47.033333
504,4T,-60.682929,46.145712
505,4T,-61.352635,45.503467
506,4T,-62.468813,45.309349
507,4T,-64.329108,46.017856
508,4T,-72.663232,46.527503
509,4T,-68.793817,50.376006
510,4Tf,-60.4,47.033333
511,4Tf,-60,47.833333
512,4Tf,-62.5,48.7
513,4Tf,-62.5,46.833333
514,4Tf,-60.583333,47.033333
515,4Tg,-63.166667,46.45
516,4Tg,-62.5,46.833333
517,4Tg,-60.583333,47.033333
518,4Tg,-62.45,46
519,4Tg,-62.083333,45.766667
520,4Th,-62.45,46
521,4Th,-62.083333,45.766667
522,4Th,-64.6,46.466667
523,4Th,-64.116667,46.583333
524,4Tj,-63.166667,46.45
525,4Tj,-62.5,46.833333
526,4Tj,-62.5,47
527,4Tj,-63.75,47
528,4Tj,-63.916667,46.666667
529,4Tk,-63.75,47
530,4Tk,-62.5,47
531,4Tk,-62.5,48.7
532,4Tk,-63.75,49.1
533,4Tk,-63.75,47
534,4Tl,-64.833333,47.616667
535,4Tl,-63.75,47.616667
536,4Tl,-63.75,47
537,4Tl,-63.916667,46.666667
538,4Tl,-64.583333,46.466667
539,4Tl,-64.116667,46.583333
540,4Tn,-64.833333,47.616667
541,4Tn,-63.75,47.616667
542,4Tn,-63.75,49.1
543,4Tn,-64.2,48.75
544,4Tn,-64.916667,48.166667
545,4Tn,-64.916667,47.8
546,4Tm,-64.916667,48.166667
547,4Tm,-64.916667,47.8
548,4To,-64.2,48.75
549,4To,-63.75,49.1
550,4To,-64.666667,49.416667
551,4To,-67,49.333333
552,4To,-67,49
553,4Tq,-67.4,49.333333
554,4Tq,-67,49.333333
555,4Tq,-67,49
556,4Tq,-68.666667,48.9
557,4Tq,-68.166667,48.633333
558,4Tp,-68.666667,48.9
559,4Tp,-68.166667,48.633333
560,4W,-60.25,45.716667
561,4W,-60,45.666667
562,4W,-60,44.166667
563,4W,-59,44.166667
564,4W,-59,39
565,4W,-63.333333,39
566,4W,-63.333333,44.333333
567,4W,-63.5,44.5
568,4W,-62.468813,45.309349
569,4W,-61.352635,45.503467
570,4W,-60.682929,46.145712
571,4Wd,-61.666667,45.166667
572,4Wd,-61.5,45
573,4Wd,-61.5,44.833333
574,4Wd,-60,44.83333
575,4Wd,-60,45.666667
576,4Wd,-60.25,45.733333
577,4We,-61.333333,44.833333
578,4We,-61.333333,44.666667
579,4We,-61.166667,44.666667
580,4We,-61.166667,44.166667
581,4We,-60,44.166667
582,4We,-60,44.833333
583,4We,-61.333333,44.833333
584,4Wf,-61,44.166667
585,4Wf,-61,43.5
586,4Wf,-60.166667,43.5
587,4Wf,-60.166667,43.666667
588,4Wf,-59.5,43.666667
589,4Wf,-59.5,44.166667
590,4Wf,-61,44.166667
591,4Wg,-60.666667,43.5
592,4Wg,-60.666667,43
593,4Wg,-59,43
594,4Wg,-59,44.166667
595,4Wg,-59.5,44.166667
596,4Wg,-59.5,43.666667
597,4Wg,-60.166667,43.666667
598,4Wg,-60.166667,43.5
599,4Wg,-60.666667,43.5
600,4Wh,-62.166667,44.5
601,4Wh,-62.166667,43.833333
602,4Wh,-61.666667,43.833333
603,4Wh,-61.666667,43.666667
604,4Wh,-61.5,43.666667
605,4Wh,-61.5,43.5
606,4Wh,-61,43.5
607,4Wh,-61,44.166667
608,4Wh,-61.166667,44.166667
609,4Wh,-61.166667,44.666667
610,4Wh,-61.333333,44.666667
611,4Wh,-61.333333,44.833333
612,4Wh,-61.5,44.833333
613,4Wh,-61.5,44.666667
614,4Wh,-62,44.666667
615,4Wh,-62,44.5
616,4Wh,-62.166667,44.5
617,4Wj,-62.166667,43.833333
618,4Wj,-62.166667,42.666667
619,4Wj,-60.666667,42.666667
620,4Wj,-60.666667,43.5
621,4Wj,-61.5,43.5
622,4Wj,-61.5,43.666667
623,4Wj,-61.666667,43.666667
624,4Wj,-61.666667,43.833333
625,4Wj,-62.166667,43.83333
626,4Wk,-63.5,44.5
627,4Wk,-63.333333,44.333333
628,4Wk,-63.333333,44
629,4Wk,-62.166667,44
630,4Wk,-62.166667,44.5
631,4Wk,-62,44.5
632,4Wk,-62,44.666667
633,4Wk,-61.5,44.666667
634,4Wk,-61.5,45
635,4Wk,-61.666667,45.166667
636,4Wl,-63.333333,44
637,4Wl,-63.333333,42.666667
638,4Wl,-62.166667,42.666667
639,4Wl,-62.166667,44
640,4Wl,-63.333333,44
641,4Wm,-63.333333,42.666667
642,4Wm,-63.333333,41
643,4Wm,-61.5,41
644,4Wm,-61.5,41.5
645,4Wm,-60.5,41.5
646,4Wm,-60.5,42
647,4Wm,-59,42
648,4Wm,-59,43
649,4Wm,-60.666667,43
650,4Wm,-60.666667,42.666667
651,4Wm,-63.333333,42.666667
652,4X,-66.9,44.783333
653,4X,-66.9,43.833333
654,4X,-67.666667,43.833333
655,4X,-67.666667,42.333333
656,4X,-66,42.333333
657,4X,-65.666667,42
658,4X,-65.666667,39
659,4X,-63.333333,39
660,4X,-63.333333,44.333333
661,4X,-63.5,44.5
662,4X,-63.896896,44.781185
663,4X,-62.555776,45.286649
664,4X,-64.343936,46.036474
665,4X,-68.546112,45.349518
666,4Xl,-65.666667,42
667,4Xl,-65.666667,40.666667
668,4Xl,-65.166667,40.666667
669,4Xl,-65.166667,40.833333
670,4Xl,-64.833333,40.833333
671,4Xl,-64.833333,41
672,4Xl,-64.166667,41
673,4Xl,-64.166667,41.166667
674,4Xl,-63.666667,41.166667
675,4Xl,-63.666667,41.5
676,4Xl,-63.33333,41.5
677,4Xl,-63.333333,42
678,4Xl,-65.666667,42
679,4Xm,-64.5,44.166667
680,4Xm,-64.333333,44
681,4Xm,-64.333333,43.666667
682,4Xm,-63.33333,43.666667
683,4Xm,-63.333333,44.333333
684,4Xm,-63.5,44.5
685,4Xn,-65.5,42.833333
686,4Xn,-65.5,42
687,4Xn,-63.333333,42
688,4Xn,-63.333333,43.666667
689,4Xn,-64.333333,43.666667
690,4Xn,-64.333333,43.333333
691,4Xn,-64.5,43.333333
692,4Xn,-64.5,43.166667
693,4Xn,-64.833333,43.166667
694,4Xn,-64.833333,42.833333
695,4Xn,-65.5,42.833333
696,4Xo,-65.833333,43.583333
697,4Xo,-65.833333,43.166667
698,4Xo,-66.166667,43.166667
699,4Xo,-66.166667,42.833333
700,4Xo,-64.833333,42.833333
701,4Xo,-64.833333,43.166667
702,4Xo,-64.5,43.166667
703,4Xo,-64.5,43.333333
704,4Xo,-64.333333,43.333333
705,4Xo,-64.333333,44
706,4Xo,-64.5,44.166667
707,4Xp,-67.666667,43
708,4Xp,-67.666667,42.333333
709,4Xp,-66,42.333333
710,4Xp,-65.666667,42
711,4Xp,-65.5,42
712,4Xp,-65.5,42.833333
713,4Xp,-66.166667,42.833333
714,4Xp,-66.166667,43
715,4Xp,-67.666667,43
716,4Xq,-66.166667,44
717,4Xq,-66.9,44
718,4Xq,-66.9,43.833333
719,4Xq,-67.666667,43.833333
720,4Xq,-67.666667,43
721,4Xq,-66.166667,43
722,4Xq,-66.166667,43.166667
723,4Xq,-65.833333,43.166667
724,4Xq,-65.833333,43.583333
725,4Xr,-64.916667,45.333333
726,4Xr,-66.9,44.266667
727,4Xr,-66.9,44
728,4Xr,-66.166667,44
,4Xr,-64.1,45.5
729,4Xs,-66.9,45.3
730,4Xs,-67.2,45.2
731,4Xs,-66.9,44.83
732,4Xs,-66.9,44.266667
733,4Xs,-64.916667,45.333333
734,5Y,-71.666667,41.333333
735,5Y,-70,41.333333
736,5Y,-70,42.333333
737,5Y,-67.666667,42.333333
738,5Y,-67.666667,43.833333
739,5Y,-66.9,43.833333
740,5Y,-66.9,44.783333
741,5Y,-68.417113,45.379462
742,5Y,-72.511857,42.45778
743,5Yb,-68.083333,44.333333
744,5Yb,-68.083333,44.166667
745,5Yb,-67.666667,44.166667
746,5Yb,-67.666667,43.833333
747,5Yb,-66.9,43.833333
748,5Yb,-66.9,44.83
749,5Yc,-69.333333,43.966667
750,5Yc,-69.333333,43.666667
751,5Yc,-68.833333,43.666667
752,5Yc,-68.833333,43.333333
753,5Yc,-67.666667,43.333333
754,5Yc,-67.666667,44.166667
755,5Yc,-68.083333,44.166667
756,5Yc,-68.083333,44.333333
757,5Yd,-70.833333,42.833333
758,5Yd,-69.166667,42.833333
759,5Yd,-69.166667,43
760,5Yd,-69,43.166667
761,5Yd,-69,43.166667
762,5Yd,-68.833333,43.166667
763,5Yd,-68.833333,43.666667
764,5Yd,-69.333333,43.666667
765,5Yd,-69.333333,43.966667
766,5Ye,-71.666667,41.333333
767,5Ye,-70,41.333333
768,5Ye,-70,42.333333
769,5Ye,-69.666667,42.333333
770,5Ye,-69.666667,42.833333
771,5Ye,-70.816667,42.833333
772,5Yf,-69.666667,42.833333
773,5Yf,-69.666667,42.333333
774,5Yf,-67.666667,42.333333
775,5Yf,-67.666667,43.333333
776,5Yf,-68.833333,43.333333
777,5Yf,-68.833333,43.166667
778,5Yf,-69,43.166667
779,5Yf,-69,43
780,5Yf,-69.166667,43
781,5Yf,-69.166667,42.833333
782,5Yf,-69.666667,42.833333
783,5Z,-71.666667,41.333333
784,5Z,-71.666667,39
785,5Z,-65.666667,39
786,5Z,-65.666667,42
787,5Z,-66,42.333333
788,5Z,-70,42.333333
789,5Z,-70,41.333333
790,5Z,-71.666667,41.333333
791,5Zg,-70,42.333333
792,5Zg,-70,41.333333
793,5Zg,-69.833333,41.333333
794,5Zg,-69.833333,41.166667
795,5Zg,-69.5,41.166667
796,5Zg,-69.5,41
797,5Zg,-68.833333,41
798,5Zg,-68.833333,42.333333
799,5Zg,-70,42.333333
800,5Zh,-68.833333,42.333333
801,5Zh,-68.833333,41
802,5Zh,-68.333333,41
803,5Zh,-68.333333,41.166667
804,5Zh,-68.166667,41.166667
805,5Zh,-68.166667,41.333333
806,5Zh,-67.666667,41.333333
807,5Zh,-67.666667,42.33333
808,5Zh,-68.833333,42.333333
809,5Zj,-67.666667,42.333333
810,5Zj,-67.666667,41.833333
811,5Zj,-65.666667,41.83333
812,5Zj,-65.666667,42
813,5Zj,-66,42.333333
814,5Zj,-67.666667,42.33333
815,5Zm,-67.666667,41.833333
816,5Zm,-67.666667,41.666667
817,5Zm,-67.166667,41.166667
818,5Zm,-67.166667,41
819,5Zm,-67,41
820,5Zm,-67,39.833333
821,5Zm,-66.833333,39.833333
822,5Zm,-66.833333,39.666667
823,5Zm,-66.666667,39.666667
824,5Zm,-66.666667,39
825,5Zm,-65.666667,39
826,5Zm,-65.666667,41.833333
827,5Zm,-67.666667,41.833333
828,5Zn,-68.833333,41
829,5Zn,-68.333333,41
830,5Zn,-68.333333,41.166667
831,5Zn,-68.166667,41.166667
832,5Zn,-68.166667,41.333333
833,5Zn,-67.666667,41.333333
834,5Zn,-67.666667,41.166667
835,5Zn,-67.166667,41.166667
836,5Zn,-67.166667,41
837,5Zn,-67,41
838,5Zn,-67,39.833333
839,5Zn,-66.833333,39.833333
840,5Zn,-66.833333,39.666667
841,5Zn,-66.666667,39.666667
842,5Zn,-66.666667,39
843,5Zn,-68.833333,39
844,5Zn,-68.833333,41
845,5Zo,-70,41.333333
846,5Zo,-70,39
847,5Zo,-68.833333,39
848,5Zo,-68.833333,41
849,5Zo,-69.5,41
850,5Zo,-69.5,41.166667
851,5Zo,-69.833333,41.166667
852,5Zo,-69.833333,41.333333
853,5Zo,-70,41.333333
854,5Zq,-71.666667,41.333333
855,5Zq,-71.666667,39
856,5Zq,-70,39
857,5Zq,-70,41.333333
858,5Zq,-71.666667,41.333333
859,3,-55.416667,51.583333
860,3,-55.416667,52.25
861,3,-42,52.25
862,3,-42,39
863,3,-50,39
864,3,-59.583333,47.5
865,3,-59.3,47.716667
866,4,-55.416667,52.25
867,4,-55.416667,51.583333
868,4,-59.3,47.716667
869,4,-59.583333,47.5
870,4,-50,39
871,4,-65.666667,39
872,4,-65.666667,42
873,4,-66,42.333333
874,4,-67.666667,42.333333
875,4,-67.666667,43.833333
876,4,-66.9,43.833333
877,4,-66.9,44.783333
878,4,-75,44.783333
879,4,-75,52.25
880,5,-66.9,44.783333
881,5,-66.9,43.833333
882,5,-67.666667,43.833333
883,5,-67.666667,42.333333
884,5,-66,42.333333
885,5,-65.666667,42
886,5,-65.666667,39
887,5,-71.666667,39
888,5,-71.666667,41.333333
889,5,-71.666667,44.783333
890,6,-71.666667,44.783333
891,6,-71.666667,39
892,6,-42,39
893,6,-42,35
894,6,-75.7,35
895,6,-78,35
896,6,-78,44.783333
897,6A,-71.666667,41.3
898,6A,-71.666667,39
899,6A,-74.675244,39
900,6A,-74.898251,41.141424
901,6A,-71.850488,41.831124
902,6B,-74.675244,39
903,6B,-70,39
904,6B,-70,37
905,6B,-76,37
906,6B,-76,36
907,6B,-76.234352,36.410695
908,6B,-77.27665,37.149244
909,6B,-76.681051,39.819404
910,6B,-75.266503,40.243037
911,6B,-74.745354,39.535522
912,6C,-76,36.9
913,6C,-76,37
914,6C,-70,37
915,6C,-70,35
916,6C,-76.344101,35
917,6C,-77.397855,34.801293
918,6C,-76.79571,36.393074
919,6C,-76.118297,36.468081
920,6D,-65,39
921,6D,-65,35
922,6D,-70,35
923,6D,-70,39
924,6D,-65,39
925,6E,-60,39
926,6E,-60,35
927,6E,-65,35
928,6E,-65,39
929,6E,-60,39
930,6F,-55,39
931,6F,-55,35
932,6F,-60,35
933,6F,-60,39
934,6F,-55,39
935,6G,-50,39
936,6G,-50,35
937,6G,-55,35
938,6G,-55,39
939,6G,-50,39
940,6H,-42,39
941,6H,-42,35
942,6H,-50,35
943,6H,-50,39
944,6H,-42,39
945,3NK,-55.416667,51.583333
946,3NK,-55.416667,52.25
947,3NK,-42,52.25
948,3NK,-42,39
949,3NK,-50,39
950,3NK,-59.583333,47.5
951,3NK,-59.3,47.7
952,4NK,-55.416667,52.25
953,4NK,-55.416667,51.583333
954,4NK,-59.3,47.716667
955,4NK,-59.583333,47.5
956,4NK,-50,39
957,4NK,-65.66667,39
958,4NK,-65.666667,42
959,4NK,-66,42.333333
960,4NK,-67.666667,42.333333
961,4NK,-67.666667,43.833333
962,4NK,-66.9,43.833333
963,4NK,-66.9,44.783333
964,4NK,-75,44.783333
965,4NK,-75,52.25
966,5NK,-66.9,44.783333
967,5NK,-66.9,43.833333
968,5NK,-67.666667,43.833333
969,5NK,-67.666667,42.333333
970,5NK,-66,42.333333
971,5NK,-65.666667,42
972,5NK,-65.666667,39
973,5NK,-71.666667,39
974,5NK,-71.666667,41.333333
975,5NK,-71.666667,44.783333
976,6NK,-71.666667,44.783333
977,6NK,-71.666667,39
978,6NK,-42,39
979,6NK,-42,35
980,6NK,-75.7,35
981,6NK,-78,35
982,6NK,-78,44.783333
983,5Zw,-71.666667,41.333333
984,5Zw,-71.666667,39
985,5Zw,-70,39
986,5Zw,-70,41.333333
987,5Zw,-71.666667,41.333333
988,5Ze,-70,42.333333
989,5Ze,-70,39
990,5Ze,-65.666667,39
991,5Ze,-65.666667,42
992,5Ze,-66,42.333333
993,5Ze,-70,42.333333
994,3Ps,-57.5,47.65
995,3Ps,-58.75,46.85
996,3Ps,-54.5,42.97
997,3Ps,-54.5,46
998,3Ps,-54.166667,46.833333
999,3Ps,-53.573346,47.266169
1000,3Ps,-53.796265,48.010311
1001,3Ps,-55.579618,48.317244
1002,3Ps,-57.288665,48.071845
1003,4Vs,-60,45.666667
1004,4Vs,-60,44.166667
1005,4Vs,-59,44.166667
1006,4Vs,-59,39
1007,4Vs,-50,39
1008,4Vs,-57.55,45.666667
1009,4Vs,-60,45.666667
