Year,Month,Day,Date,Ground,id,Survey.No,Fishing,Sample,StartTime,Vessel.No,ExtraBox,EVessel,NVessel,PlanktonVessel,Tow_No,Time1,Time2,TowTime,Lat1,Lon1,Lat2,Lon2,No_jars,Speed,Heading,TideDirection,Swell,WindDirection,WindSpeed,AirTemp,Observer,Net,Gear,TowType,FlowmeterType,FlowReading1,FlowReading2,NoRevs,DistanceCalc,Volume,AvgTowDepth,MaxTowDepth,DiscDepthD,DiscDepthA,CTD_ID,CTD_Lat,CTD_Lon,AvgTemp,AvgSalinity,SurfaceTemp,WaterDepth1,WaterDepth2
2017,6,22,22/06/2017,NA,SB2017-01,1,NA,NA,NA,NA,NA,NA,NA,Margaret Elizabeth,1,3:03:00,3:13:00,10,45.0885,-65.132,45.1419,-65.2168,1,4,92,NA,> 1,SW,15,12,NA,1,1/500,Surface Tow,NA,NA,NA,NA,NA,NA,1,3,NA,NA,10K100766_20170622_000532,NA,NA,8.003,31.382,8.1,58.5,NA
2017,7,15,15/07/2017,NA,SB2017-02,3,NA,NA,NA,NA,NA,NA,NA,Margaret Elizabeth,1,19:32:00,NA,NA,45.094583,-65.2667,NA,NA,1,4,45,NA,0,SW,5,10,NA,1,1/500,Surface Tow,NA,NA,NA,NA,NA,NA,NA,NA,NA,NA,NA,NA,NA,NA,NA,9.8,80.5,NA
2017,7,29,29/07/2017,NA,SB2017-03,4,NA,NA,NA,NA,NA,NA,NA,Margaret Elizabeth,1,3:20:00,3:30:00,10,NA,NA,45.1943,-64.9216,1,4.5,NA,NA,0,0,0,NA,NA,1,1/500,Surface Tow,HydroBios,970,1720,750,20.15475,63.31614713,19,37,NA,NA,10K100766_20170729_230802,NA,NA,10.574,31.527,12.6,NA,NA
2017,8,13,13/08/2017,NA,SB2017-04,5,NA,NA,NA,NA,NA,NA,NA,Margaret Elizabeth,1,1:13:00,1:23:00,10,45.2533,-65.2333,45.17333333,-65.21,1,6,NA,NA,0,0,0,NA,NA,1,1/500,Surface Tow,HydroBios,1761,6376,4615,124.018895,389.6053586,1,4,NA,NA,10K100766_20170813_042904,NA,NA,11.769,31.306,12.2,52,94
2017,8,26,26/08/2017,NA,SB2017-05,6,NA,NA,NA,NA,NA,NA,NA,Margaret Elizabeth,1,19:30:00,19:40:00,10,45.09333333,-65.26166667,NA,NA,1,NA,94,NA,NA,NA,NA,NA,NA,1,1/500,Surface Tow,NA,NA,NA,NA,NA,NA,NA,NA,NA,NA,NA,NA,NA,NA,NA,12.3,79,NA
2017,9,8,08/09/2017,NA,SB2017-06,7,NA,NA,NA,NA,NA,NA,NA,Margaret Elizabeth,1,19:38:00,19:48:00,10,45.0583,-65.235,NA,NA,1,3.7,85,NA,NA,NA,NA,NA,NA,1,1/500,Surface Tow,NA,NA,NA,NA,NA,NA,NA,NA,NA,NA,NA,NA,NA,NA,NA,NA,62,NA
2017,8,21,21/08/2017,NA,GB2017-01,1,NA,NA,NA,NA,NA,NA,NA,Lady Melissa,1,19:20:00,19:31:00,11,43.5641,-66.3148,43.52292,-66.319,3,4,NA,NA,0,0,0,NA,NA,1,1/500,Surface Tow,HydroBios,6385,10641,4256,114.371488,359.2980296,0.6,1,NA,NA,10K100766_20170821_224906,NA,NA,11.09,31.955,12.9,67,60
2017,9,8,08/09/2017,NA,GB2017-02,2,NA,NA,NA,NA,NA,NA,NA,Lady Melissa,1,19:27:00,19:36:00,9,43.5679,-66.3776,43.559,-66.3804,NA,4,NA,NA,02-Jan,0,0,NA,NA,1,1/500,Surface Tow,HydroBios,10654,13647,2993,80.430889,252.6736378,2,7,NA,NA,10K100766_20170908_224604,NA,NA,13.896,32.17,14.1,79,77
2017,9,17,17/09/2017,NA,GB2017-03,3,NA,NA,NA,NA,NA,NA,NA,Lady Melissa,1,19:33:00,19:41:00,8,43.5689,-66.3429,43.5697,-66.3486,NA,4,NA,NA,NA,NA,NA,NA,NA,1,1/500,Surface Tow,HydroBios,13657,17312,3655,98.220815,308.5606903,NA,NA,NA,NA,10K100766_20170917_225337,NA,NA,NA,NA,14.8,75,80
2017,10,1,01/10/2017,NA,GB2017-04,4,NA,NA,NA,NA,NA,NA,NA,Lady Melissa,1,19:09:00,19:19:00,10,43.55912,-66.3667,43.57415,-66.3793,NA,4,NA,NA,0.5,NA,NA,NA,NA,1,1/500,Surface Tow,HydroBios,17315,21726,4411,118.536803,372.3833666,0.5,1,NA,NA,NA,NA,NA,NA,NA,NA,80,75
2017,10,18,18/10/2017,NA,GB2017-06,6,NA,NA,NA,NA,NA,NA,NA,Lady Melissa,1,18:45:00,18:55:00,10,43.5566,-66.3573,43.5666,-66.35,NA,4,NA,NA,2,NA,10,NA,NA,1,1/500,Surface Tow,HydroBios,21731,25165,3434,92.281882,289.9035323,0.6,2.5,NA,NA,NA,NA,NA,NA,NA,NA,79,77
2017,7,4,04/07/2017,NA,LI2017-01,Long Island Shore,NA,NA,NA,NA,NA,NA,NA,Margaret Elizabeth,1,12:00:00,12:05:00,5,NA,NA,NA,NA,1,NA,NA,NA,NA,NA,NA,NA,NA,1,1/500,Surface Tow,NA,NA,NA,NA,NA,NA,NA,NA,NA,NA,NA,NA,NA,NA,NA,NA,NA,NA
2017,7,6,06/07/2017,NA,NE2017-01,Northeast Bank,NA,NA,NA,NA,NA,NA,NA,Margaret Elizabeth,1,16:15:00,16:20:00,5,44.27833,-66.995,NA,NA,1,NA,NA,NA,NA,NA,NA,NA,NA,1,1/500,Surface Tow,NA,NA,NA,NA,NA,NA,NA,NA,NA,NA,NA,NA,NA,NA,NA,NA,NA,NA
2018,6,9,09/06/2018,NA,SB2018-01,1,NA,NA,NA,NA,NA,NA,NA,Fundy Monarch,1,19:36:00,19:46:00,10,45.065,-66.2283,45.06667,-65.2033,1,6.3,90,NA,> 1,SW,15,15,NA,2,1/500,Surface Tow,HydroBios,25168,26420,1252,33.644996,105.6957549,3,4,NA,NA,10K100766_20180609_230250,NA,NA,7.624,31.208,7.2,71,57
2018,6,23,23/06/2018,NA,SB2018-02,2,NA,NA,NA,NA,NA,NA,NA,Fundy Monarch,1,20:35:00,20:44:00,9,45.0526,-65.253,45.0536,-65.2317,1,5.6,90,NA,NA,NA,NA,NA,NA,2,1/500,Surface Tow,HydroBios,30546,35332,4786,128.614178,404.0414402,NA,NA,NA,NA,NA,NA,NA,NA,NA,NA,NA,NA
2018,7,7,07/07/2018,NA,SB2018-03,3,NA,NA,NA,NA,NA,NA,NA,Lady Melissa,1,19:22:00,19:32:00,10,45.077,-65.219,45.08433,-65.2,2,6,64,NA,0.5,NW,NA,NA,NA,1,1/500,Surface Tow,GeneralOceanics,69,61302,61233,1645.514409,5169.383516,1,5,NA,NA,10K100766_20180707_224556,NA,NA,10.865,31.248,11.6,71,77
2018,7,7,07/07/2018,NA,SB2018-04,3,NA,NA,NA,NA,NA,NA,NA,Fundy Monarch,1,20:03:00,20:12:00,9,45.075,-65.269,45.0789,-65.249,1,NA,NA,NA,0.5,NW,NA,NA,NA,2,1/500,Surface Tow,HydroBios,35869,40672,4803,129.071019,405.4766062,NA,NA,NA,NA,NA,NA,NA,NA,NA,10.2,NA,NA
2018,7,8,08/07/2018,NA,SB2018-05,3,NA,NA,NA,NA,NA,NA,NA,Lady Melissa,1,12:37:00,12:48:00,11,45.139,-65.01,45.1379,-65.013,1,NA,NA,NA,> 0.5,NA,NA,NA,NA,1,1/500,Surface Tow,GeneralOceanics,61309,112775,51466,1383.045818,4344.838437,NA,NA,NA,NA,10K100766_20180708_160923,NA,NA,NA,NA,NA,48,NA
2018,7,21,21/07/2018,NA,SB2018-06,4,NA,NA,NA,NA,NA,NA,NA,Lady Melissa,1,19:20:00,19:28:00,8,45.0483,-65.229,45.0567,-65.2082,NA,5,60,NA,0,0,0,NA,NA,1,1/500,Surface Tow,GeneralOceanics,112794,156977,44183,1187.329759,3729.996438,7,14,NA,NA,10K100766_20180721_224124,NA,NA,11.615,31.276,11.6,69,57
2018,8,5,05/08/2018,NA,SB2018-07,5,NA,NA,NA,NA,NA,NA,NA,Lady Melissa,1,19:23:00,19:33:00,10,45.05,-65.2167,45.0562,-65.2104,NA,NA,NA,NA,0,0,0,NA,NA,1,1/500,Surface Tow,GeneralOceanics,156591,211914,55323,1486.694979,4670.452277,2,5,NA,NA,10K100766_20180805_224103,NA,NA,13.035,31.198,15.6,69,55
2018,8,5,05/08/2018,NA,SB2018-08,5,NA,NA,NA,NA,NA,NA,NA,Fundy Monarch,2,19:48:00,19:57:00,9,45.21804,-64.7636,45.218,-64.7469,NA,4.4,90,NA,0,0,0,NA,NA,2,1/500,Surface Tow,HydroBios,40692,45159,4467,120.041691,377.1109723,NA,NA,NA,NA,NA,NA,NA,NA,NA,NA,NA,NA
2018,8,18,18/08/2018,NA,SB2018-09,6,NA,NA,NA,NA,NA,NA,NA,Fundy Monarch,1,20:15:00,20:24:00,9,45.0455,-65.2551,45.0546,-65.2434,NA,3.5,89,NA,NA,NA,NA,NA,NA,2,1/500,Surface Tow,HydroBios,47470,51550,4080,109.64184,344.4398404,NA,NA,NA,NA,NA,NA,NA,NA,NA,NA,NA,NA
2018,9,2,02/09/2018,NA,SB2018-10,7,NA,NA,NA,NA,NA,NA,NA,Fundy Monarch,1,19:25:00,19:34:00,9,45.0375,-65.2544,45.0345,-65.2424,NA,3.8,110,NA,NA,NA,NA,NA,NA,2,1/500,Surface Tow,HydroBios,51552,55447,3895,104.670335,328.8218574,NA,NA,NA,NA,10K100766_20180902_222906,NA,NA,NA,NA,NA,NA,NA
2018,9,15,15/09/2018,NA,SB2018-11,8,NA,NA,NA,NA,NA,NA,NA,Fundy Monarch,1,18:53:00,19:03:00,10,45.0581,-65.2472,45.0534,-65.2349,NA,3.5,118,NA,NA,NA,NA,NA,NA,2,1/500,Surface Tow,HydroBios,55628,60017,4389,117.945597,370.526093,NA,NA,NA,NA,NA,NA,NA,NA,NA,NA,NA,NA
2018,8,12,12/08/2018,NA,GB2018-01,1,NA,NA,NA,NA,NA,NA,NA,Lady Melissa,1,19:42:00,19:52:00,10,43.55,-66.35,43.5333,-66.3597,NA,NA,180,NA,< 0.5,SE,13,NA,NA,1,1/500,Surface Tow,GeneralOceanics,211914,247474,35560,955.60388,3002.029589,NA,NA,NA,NA,10K100766_20180812_230248,NA,NA,NA,NA,17.6,69,71
2018,9,9,09/09/2018,NA,GB2018-03,3,NA,NA,NA,NA,NA,NA,NA,Lady Melissa,1,19:14:00,19:24:00,10,43.5739,-66.3135,43.5624,-66.3195,NA,NA,NA,NA,< 0.5,NA,NA,NA,NA,1,1/500,Surface Tow,GeneralOceanics,247410,289272,41862,1124.957526,3534.054068,8.4,13.5,NA,NA,10K100766_20180909_223542,NA,NA,12.517,32.374,13.2,65.8,69.5
2018,10,15,15/10/2018,NA,GB2018-04,6,NA,NA,NA,NA,NA,NA,NA,Lady Melissa,1,4:45:00,4:55:00,10,NA,NA,43.3181,-66.1593,NA,NA,NA,NA,1,NW,NA,NA,NA,1,1/500,Surface Tow,GeneralOceanics,292192,340365,48173,1294.553029,4066.838341,NA,NA,NA,NA,10K100766_20181015_080152,NA,NA,NA,NA,NA,NA,NA
2019,6,8,08/06/2019,NA,SB2019-01,1,NA,NA,NA,NA,NA,NA,NA,Lady Melissa,1,19:19:00,19:29:00,10,45.05,-65.017,45.2281,-65.302,1,4,80,NA,<0.5,NW,7,20,NA,1,1/500,Surface Tow,GeneralOceanics,580000,620831,40831,1097.251463,3447.015471,NA,5.75,NA,NA,10K100766 2019-06-08,NA,NA,NA,31.8,7.78,56.69,58.52
2019,6,8,08/06/2019,NA,SB2019-02,1,NA,NA,NA,NA,NA,NA,NA,Lady Melissa,2,20:04:00,20:14:00,10,45.0931,-65.289,45.0972,-65.238,1,3,270,NA,<0.5,NW,7,20,NA,1,1/500,Surface Tow,GeneralOceanics,62083,119065,56982,1531.277286,4810.507594,NA,NA,NA,NA,10K100766 2019-06-08,NA,NA,NA,31.8,7.78,56.69,58.52
2019,6,22,22/06/2019,NA,SB2019-03,2,NA,NA,NA,NA,NA,NA,NA,Fundy Monarch,1,18:19:00,18:33:00,14,45.0506,-65.262,45.0708,-65.206,1,3.8,80,NA,<0.5,NA,NA,NA,NA,2,1/500,Surface Tow,HydroBios,60276,66645,6369,171.154137,537.6807214,3.7,10,NA,NA,10K100766_20190622_215503,NA,NA,NA,31.86,8.89,67.67,69.49
2019,6,22,22/06/2019,NA,SB2019-04,2,NA,NA,NA,NA,NA,NA,NA,Fundy Monarch,2,19:09:00,19:19:00,10,45.0708,-65.206,45.0452,-65.274,1,5.8,249,NA,<0.5,NA,NA,NA,NA,2,1/500,Surface Tow,HydroBios,66645,71145,4500,120.9285,379.8968828,11.6,23,NA,NA,10K100766_20190622_215503,NA,NA,NA,31.86,8.89,67.67,66.39
2019,7,6,06/07/2019,NA,SB2019-05,3,NA,NA,NA,NA,NA,NA,NA,Fundy Monarch,1,18:02:00,18:17:00,15,45.0433,-65.2583,45.0417,-65.2383,1,3,NA,NA,1.1,SW,NA,NA,NA,2,1/500,Surface Tow,HydroBios,71178,76327,5149,138.369077,434.6864554,NA,NA,NA,NA,10K100766_20190706_212940,NA,NA,NA,31.82,8.89,65.84,62.18
2019,7,6,06/07/2019,NA,SB2019-06,3,NA,NA,NA,NA,NA,NA,NA,Fundy Monarch,2,18:25:00,18:46:00,21,45.0483,-65.2183,45.0433,-65.24,1,NA,NA,NA,1.1,SW,NA,NA,NA,2,1/500,Surface Tow,HydroBios,76327,79650,3323,89.298979,280.5327425,NA,NA,NA,NA,10K100766_20190706_212940,NA,NA,NA,31.82,8.89,NA,NA
2019,7,20,20/07/2019,NA,SB2019-07,4,NA,NA,NA,NA,NA,NA,NA,Lady Melissa,1,17:51:00,18:04:00,13,45.03,-65.21666667,45.05,-65.2,1,3,57,NA,1.1,SW,NA,28,NA,1,1/500,Surface Tow,GeneralOceanics,0,131993,131993,3547.047889,11143.05094,NA,NA,NA,NA,10K100766_20190720_214320,NA,NA,10.03,32.01,10.55,54.864,58.5216
2019,8,4,04/08/2019,NA,SB2019-08,5,NA,NA,NA,NA,NA,NA,NA,Lady Melissa,1,18:08:00,18:18:00,10,45.05,-66.2,45.0565,-66.2028,1,2.9,NA,NA,<0.5,W,NA,21,NA,1,1/500,Surface Tow,GeneralOceanics,131006,305599,174593,4691.837689,14739.4081,NA,NA,NA,NA,10K100766_20190804_215305,NA,NA,10.93,32.16,11.11,56.69,54.864
2019,8,4,04/08/2019,NA,SB2019-09,5,NA,NA,NA,NA,NA,NA,NA,Lady Melissa,2,18:31:00,18:42:00,11,44.1405,-66.1993,45.0501,-66.2207,1,4.5,NA,NA,<0.5,W,NA,21,NA,1,1/500,Surface Tow,GeneralOceanics,305600,896173,590573,15870.46823,49857.07594,NA,NA,NA,NA,10K100766_20190804_215305,NA,NA,10.93,32.16,11.11,51.21,49.38
2019,8,11,11/08/2019,NA,GB2019-01,1,NA,NA,NA,NA,NA,NA,NA,Lady Melissa,1,20:17:00,20:30:00,13,43.5703,-66.358,43.5588,-66.3623,2,4,NA,NA,>0.5,W,NA,19,NA,1,1/500,Surface Tow,General Oceanics,35704,231838,196134,5270.708982,16557.93227,NA,NA,NA,NA,NA,NA,NA,NA,NA,11.11,74.98,73.15
2019,8,11,11/08/2019,NA,GB2019-02,1,NA,NA,NA,NA,NA,NA,NA,Lady Melissa,2,20:40:00,20:50:00,10,43.5622,-66.3622,43.5763,-66.3528,2,2,NA,NA,>0.5,W,NA,19,NA,1,1/500,Surface Tow,General Oceanics,231838,921091,689253,18522.29587,58187.79247,NA,NA,NA,NA,NA,NA,NA,NA,NA,11.11,84.12,71.32
2019,8,18,18/08/2019,NA,SB2019-10,6,NA,NA,NA,NA,NA,NA,NA,Lady Melissa,1,19:15:00,19:30:00,15,45.0333,-65.2167,45.05,-65.2,1,4,67,NA,<0.5,NE,6,24,NA,1,1/500,Surface Tow,General Oceanics,21081,826988,805907,21657.13881,68035.90157,NA,NA,NA,NA,10K100766_20190818_225832,NA,NA,11.74,32.28,11.11,53,55
2019,8,18,18/08/2019,NA,SB2019-11,6,NA,NA,NA,NA,NA,NA,NA,Lady Melissa,2,19:35:00,19:45:00,10,45.05,-65.2,45.0338,-65.231,1,4,NA,NA,<0.5,NE,6,24,NA,1,1/500,Surface Tow,General Oceanics,826988,354738,-472250,-12690.77425,-39868.06731,NA,NA,NA,NA,10K100766_20190818_225832,NA,NA,11.74,32.38,11.11,55,49
2019,8,25,25/08/2019,NA,GB2019-03,2,NA,NA,NA,NA,NA,NA,NA,Lady Melissa,1,20:00:00,20:10:00,10,45.5667,-66.33,43.5669,-66.3578,2,4.5,215,NA,>0.5,N,17,20,NA,1,1/500,Surface Tow,General Oceanics,44708,940097,895389,24061.7886,75590.10888,NA,NA,NA,NA,10K100766_20190825_234144,NA,NA,10.26,32.74,11.67,73,70
2019,8,25,25/08/2019,NA,GB2019-04,2,NA,NA,NA,NA,NA,NA,NA,Lady Melissa,2,20:23:00,20:33:00,10,43.5673,-66.356,43.581,-66.3549,2,4.25,52,NA,>0.5,N,17,20,NA,1,1/500,Surface Tow,General Oceanics,859195,180090,-679105,-18249.58867,-57331.08279,NA,NA,NA,NA,10K100766_20190825_234144,NA,NA,10.26,32.74,11.67,70,71
2019,9,9,09/09/2019,NA,GB2019-05,3,NA,NA,NA,NA,NA,NA,NA,Lady Melissa,1,20:00:00,20:08:00,8,43.5677,-66.35,43.5804,-66.35,1,4,180,NA,<0.5,W,13,14,NA,1,1/500,Surface Tow,General Oceanics,99111,430999,331888,8918.826224,28018.49258,2.9107,4.7,NA,NA,10K100766_20190909_233343,NA,NA,11.11,32.22,12.22,67.67,80.47
2019,9,9,09/09/2019,NA,GB2019-06,3,NA,NA,NA,NA,NA,NA,NA,Lady Melissa,2,20:20:00,20:25:00,5,43.5611,-66.3611,43.5677,-66.35,1,4.5,NA,NA,<0.5,W,13,14,NA,1,1/500,Surface Tow,General Oceanics,430999,350099,-80900,-2174.0257,-6829.701737,5.354,11.5,NA,NA,10K100766_20190909_233343,NA,NA,11.11,32.22,12.22,87.78,87.78
2019,9,15,15/09/2019,NA,SB2019-12,8,NA,NA,NA,NA,NA,NA,NA,Lady Melissa,1,20:29:00,20:39:00,10,45.05,-65.2,45.0562,-65.202,1,3.5,62,NA,>0.5,SW,18,21,NA,1,1/500,Surface Tow,General Oceanics,770868,150916,-619952,-16659.9701,-52337.29606,15.288,28.522,NA,NA,10K100766_20190915_215955,NA,NA,12.11,32.49,12.22,54.8,49.4
2019,9,15,15/09/2019,NA,SB2019-13,8,NA,NA,NA,NA,NA,NA,NA,Lady Melissa,2,20:39:00,20:49:00,10,45.0556,-65.2049,45.0645,-65.2049,1,5,223,NA,>0.5,SW,18,21,NA,1,1/500,Surface Tow,General Oceanics,150916,820998,670082,18007.11359,56569.34733,16.509,26.056,NA,NA,10K100766_20190915_215955,NA,NA,12.11,32.49,12.78,54.8,45.7
2019,9,25,25/09/2019,NA,GB2019-07,4,NA,NA,NA,NA,NA,NA,NA,Lady Melissa,1,19:04:00,19:14:00,10,43.5675,-66.3649,43.5928,-66.37,1,4,180,NA,1.2,SW,11,12,NA,1,1/500,Surface Tow,General Oceanics,909997,550999,-358998,-9647.353254,-30307.16025,NA,NA,NA,NA,10K100766_20190925_223810,NA,NA,12.95,32.64,13.11,82.3,76.81
2019,9,25,25/09/2019,NA,GB2019-08,4,NA,NA,NA,NA,NA,NA,NA,Lady Melissa,2,19:23:00,19:30:00,7,43.56,-66.3606,43.57,-66.3576,1,5,0,NA,1.2,SW,11,12,NA,1,1/500,Surface Tow,General Oceanics,550999,670000,119001,3197.913873,10046.24643,NA,NA,NA,NA,10K100766_20190925_223810,NA,NA,12.95,32.64,13.22,84.12,80.47
2019,10,8,08/10/2019,NA,GB2019-09,5,NA,NA,NA,NA,NA,NA,NA,Lady Melissa,1,18:30:00,18:36:00,6,43.5687,-66.3605,43.5563,-66.3531,1,4,NA,NA,1.3,N,8,14,NA,1,1/501,Surface Tow,General Oceanics,731010,500704,-230306,-6189.013138,-19442.78477,8.2981,12.54,NA,NA,NA,NA,NA,NA,NA,12.78,76.81,76.81
2019,10,8,08/10/2019,NA,GB2019-10,5,NA,NA,NA,NA,NA,NA,NA,Lady Melissa,2,18:45:00,18:51:00,6,43.555,-66.3525,43.5567,-66.3523,1,5,NA,NA,1.3,N,8,14,NA,1,1/502,Surface Tow,General Oceanics,500704,206784,-293920,-7898.51216,-24813.17595,7.3307,13.82,NA,NA,NA,NA,NA,NA,NA,12.78,76.81,74.98
2019,10,13,13/10/2019,NA,SI2019-01,5,NA,NA,NA,NA,NA,NA,NA,Lady Melissa,1,18:20:00,18:25:00,5,43.50988333,-66.08818333,43.5013,-66.08601667,1,NA,158,NA,0.8,NW,14,14,NA,1,1/503,Surface Tow,General Oceanics,16775,720595,703820,18913.75486,59417.56089,NA,NA,NA,NA,10K100766_20191013_215013,NA,NA,NA,NA,12.22,18.29,31.09
2019,10,13,13/10/2019,NA,SI2019-02,5,NA,NA,NA,NA,NA,NA,NA,Lady Melissa,2,18:37:00,18:45:00,8,43.5003,-66.09261667,43.5092,-66.09168333,1,NA,0,NA,0.8,NW,14,14,NA,1,1/504,Surface Tow,General Oceanics,720595,348209,-372386,-10007.12898,-31437.39568,NA,NA,NA,NA,10K100766_20191013_215013,NA,NA,NA,NA,11.67,32.92,31.09
2020,6,14,14/06/2020,NA,SB2020-01,2,NA,NA,NA,NA,NA,NA,NA,Lady Melissa,1,18:36:00,18:45:00,9,45.02,-65.12,45.03,-65.11,1,4.5,45,NA,0,0,0,22,NA,1,1/500,Surface Tow,General Oceanics,949275,429231,-520044,-13975.14241,-43902.90989,11.78051004,19.98895913,NA,NA,10K100766_20200613_222016,NA,NA,7.69,31.07,8.4,58.56,58.56
2020,6,14,14/06/2020,NA,SB2020-02,2,NA,NA,NA,NA,NA,NA,NA,Lady Melissa,2,19:00:00,19:10:00,10,45.03,-65.12,45.04,-65.12708,1,3.2,215,NA,0,0,0,22,NA,1,1/500,Surface Tow,General Oceanics,429231,628398,199167,5352.214791,16813.98277,4.082376488,5.683132347,NA,NA,10K100766_20200613_222016,NA,NA,7.69,31.07,8.5,58.56,58.56
2020,6,27,27/06/2020,NA,SB2020-03,3,NA,NA,NA,NA,NA,NA,NA,Lady Melissa,1,18:20:00,18:30:00,10,45.033333,-65.21666667,45.05,-65.2,1,5.5,4,NA,0,N/NE,11,23,NA,1,1/500,Surface Tow,General Oceanics,929306,39666,-889640,-23907.29572,-75104.7695,4.3173,7.804011973,NA,NA,10K100766_20200627_215703,NA,NA,9.188721,31.96949,10,51.24,58.56
2020,6,27,27/06/2020,NA,SB2020-04,3,NA,NA,NA,NA,NA,NA,NA,Lady Melissa,2,18:40:00,18:50:00,10,45.05,-65.19818333,45.05291667,-65.2194,1,4,270,NA,0,N/NE,11,23,NA,1,1/500,Surface Tow,General Oceanics,39666,611500,571834,15366.89508,48275.1009,4.359628,5.474748312,NA,NA,10K100766_20200627_215703,NA,NA,9.188721,31.96949,10.05,58.56,58.56
2020,7,11,11/07/2020,NA,SB2020-05,4,NA,NA,NA,NA,NA,NA,NA,Lady Melissa,1,18:20:00,18:30:00,10,40.0455,-65.225,43.2195,-65.2061,1,4,57,NA,1,N,16,24,NA,1,1/500,Surface Tow,General Oceanics,754039,899908,145869,3919.937637,12314.48409,1.45,3.458542524,NA,NA,10K100766_20200711_220104,NA,NA,9.983,32.289,10.56,56.73,56.73
2020,7,11,11/07/2020,NA,SB2020-06,4,NA,NA,NA,NA,NA,NA,NA,Lady Melissa,2,18:40:00,18:50:00,10,45.0586,-65.1963,45.05,-65.2156,1,5,235,NA,1,N,16,24,NA,1,1/500,Surface Tow,General Oceanics,899908,599998,-299910,-8059.48143,-25318.86091,2.211363939,7.361036251,NA,NA,10K100766_20200711_220104,NA,NA,9.983,32.289,11.11,60.39,58.56
2020,7,26,26/07/2020,NA,SB2020-07,5,NA,NA,NA,NA,NA,NA,NA,Lady Melissa,1,18:45:00,18:55:00,10,45.05,-65.21435,45.05733,-65.2025,1,4,55,NA,0.5,SW,16,23,NA,1,1/500,Surface Tow,General Oceanics,199890,909998,710108,19082.73228,59948.40347,14.62848,18.49212005,NA,NA,10K100766_20200726_222040,NA,NA,9.951051,33.3583,11,58.56,54.9
2020,7,26,26/07/2020,NA,Sb2020-08,5,NA,NA,NA,NA,NA,NA,NA,Lady Melissa,2,19:05:00,19:15:00,10,45.0623,-65.20068,40.05332,-65.175,1,5,237,NA,0.5,SW,16,23,NA,1,1/500,Surface Tow,NA,NA,NA,NA,NA,NA,10.31959,15.11448,NA,NA,10K100766_20200726_222040,NA,NA,9.951051,33.3583,10.8,54.9,58.56
2020,8,8,08/08/2020,NA,SB2020-09,6,NA,NA,NA,NA,NA,NA,NA,Lady Melissa,1,18:33:00,18:45:00,12,45.04833333,-65.21373333,45.0625,-65.20393333,2,8,34,NA,1,W,15,21,NA,1,1/500,Surface Tow,NA,NA,NA,NA,NA,NA,10.1475,11.67773,NA,NA,10K100766_20200809_221836,NA,NA,12.13972903,32.42247442,12.56,60.4,56.7
2020,8,8,08/08/2020,NA,SB2020-10,6,NA,NA,NA,NA,NA,NA,NA,Lady Melissa,2,18:57:00,19:08:00,11,45.058,-65.20713333,45.03633333,-65.2261,2,8,225,NA,1,W,15,21,NA,1,1/500,Surface Tow,NA,NA,NA,NA,NA,NA,7.418321,9.987671,NA,NA,10K100766_20200809_221836,NA,NA,12.13972903,32.42247442,12.83,60.4,56.7
2020,8,16,16/08/2020,NA,GB2020-01,1,NA,NA,NA,NA,NA,NA,NA,Lady Melissa,1,20:17:00,20:26:00,9,43.55,-66.483333,43.566667,-66.486667,1,4,180,NA,1.5,SE,15,18,NA,1,1/500,Surface Tow,NA,NA,NA,NA,NA,NA,6.6,11.81987,NA,NA,10K100766_20200816_231355,NA,NA,12.66873,32.77767,13.11,79.1,79.1
2020,8,23,23/08/2020,NA,SB2020-13,7,NA,NA,NA,NA,NA,NA,NA,Lady Melissa,1,6:18:00,6:28:00,10,45.0493,-65.217,45.0556,-65.209,1,3.5,50,NA,0.5,SE,19,22,NA,1,1/500,Surface Tow,NA,NA,NA,NA,NA,NA,7.166429793,8.9,NA,NA,10K100766_20200823_215200,NA,NA,12.33486,32.55146,12.7,54.9,54.9
2020,8,23,23/08/2020,NA,SB2020-14,7,NA,NA,NA,NA,NA,NA,NA,Lady Melissa,2,6:34:00,6:49:00,15,45.0561,-65.204,NA,NA,1,5,180,NA,0.5,SE,19,22,NA,1,1/500,Surface Tow,NA,NA,NA,NA,NA,NA,11.60308719,21.9,NA,NA,10K100766_20200823_215200,NA,NA,12.33486,32.55146,13.9,55.9,55.9
2020,8,30,30/08/2020,NA,GB2020-02,2,NA,NA,NA,NA,NA,NA,NA,Lady Melissa,1,7:19:00,7:30:00,11,43.567,-66.359,43.562,-66.363,1,4,180,NA,2,SW,15,15,NA,1,1/500,Surface Tow,NA,NA,NA,NA,NA,NA,NA,NA,NA,NA,NA,NA,NA,NA,NA,14.01,NA,NA
2020,8,30,30/08/2020,NA,GB2020-03,2,NA,NA,NA,NA,NA,NA,NA,Lady Melissa,2,7:37:00,7:47:00,10,43.562,-66.358,48.695,-66.359,3,4,0,NA,2,SW,15,15,NA,1,1/500,Surface Tow,NA,NA,NA,NA,NA,NA,NA,NA,NA,NA,NA,NA,NA,NA,NA,14.4,NA,NA
2020,9,13,13/09/2020,NA,GB2020-04,3,NA,NA,NA,NA,NA,NA,NA,Lady Melissa,1,18:47:00,18:57:00,10,-66.361,43.571,-66.362,43.561,2,4,180,NA,0.2,SE,20,22,NA,1,1/500,Surface Tow,General Oceanics,170,43178,43008,1155.753984,3630.801141,12,12.02157,NA,NA,10K100766_20200913_222238,NA,NA,12.307,32.795,13.89,82,83.2
2020,9,13,13/09/2020,NA,GB2020-05,3,NA,NA,NA,NA,NA,NA,NA,Lady Melissa,2,19:07:00,19:16:00,9,-66.357,43.56,-66.357,43.577,2,5,0,NA,0.2,SE,20,22,NA,1,1/500,Surface Tow,General Oceanics,43178,89214,46036,1237.125428,3886.429532,13.1,13.07519,NA,NA,10K100766_20200913_222238,NA,NA,12.307,32.795,13.33,75,72.9
2020,9,27,27/09/2020,NA,GB2020-06,4,NA,NA,NA,NA,NA,NA,NA,Lady Melissa,1,18:49:00,18:58:00,9,-66.3576,43.57102,-66.3576,43.56245,1,NA,180,NA,0.5,SW,14,17,NA,1,1/500,Surface Tow,General Oceanics,89278,139210,49932,1341.822636,4215.335811,6.651999985,8.04057905,NA,NA,10J101609_20200928_074922,NA,NA,13.49897,31.21983,13.8,78,82
2020,9,27,27/09/2020,NA,GB2020-07,4,NA,NA,NA,NA,NA,NA,NA,Lady Melissa,2,19:02:00,19:12:00,10,-66.3632,43.56487,-66.3625,43.58128,1,NA,0,NA,0.5,SW,14,17,NA,1,1/500,Surface Tow,General Oceanics,139210,189516,50306,1351.873138,4246.909463,7.43798789,9.460854858,NA,NA,10J101609_20200928_074922,NA,NA,13.49897,31.21983,13.6,79,73
2021,6,5,05/06/2021,NA,SB2021-01,2,NA,NA,NA,NA,NA,NA,NA,Lady Melissa,1,19:20:00,19:30:00,10,45.035278,-65.217222,45.059444,-65.088056,1,4,0,NA,0.25,SW,13,21,NA,1,1/500,Surface Tow,General Oceanics,189743,260894,71151,1912.040823,6006.676245,5.396415255,9.17753106,NA,NA,10K100766_20210605_230112,NA,NA,7.97178,31.67978288,8.9,61,61
2021,6,5,05/06/2021,NA,SB2021-02,2,NA,NA,NA,NA,NA,NA,NA,Lady Melissa,2,19:44:00,19:54:00,10,45.049167,-65.193056,45.019444,-65.229722,1,4,0,NA,0.25,SW,13,21,NA,1,1/500,Surface Tow,General Oceanics,260894,310667,49773,1337.549829,4201.912788,2.701314023,4.906376993,NA,NA,10K100766_20210605_230112,NA,NA,7.97178,31.67978288,8.9,54,54
2021,6,19,19/06/2021,NA,SB2021-03,3,NA,NA,NA,NA,NA,NA,NA,Lady Melissa,1,18:19:00,18:29:00,10,45.05286667,-65.21531667,45.06058333,-65.19631667,1,6,63,NA,0.25,SW,18,19,NA,1,1/500,Surface Tow,General Oceanics,NA,NA,NA,NA,NA,7.545528136,12.32488562,NA,NA,10K100766_20210619_220613,NA,NA,9.728,31.88,10,60,60
2021,7,17,17/07/2021,NA,SB2021-04,5,NA,NA,NA,NA,NA,NA,NA,Lady Melissa,1,18:32:00,18:43:00,11,45.05445,-65.21246667,45.06046667,-65.19458333,1,4,62,NA,0,W,5,23,NA,1,1/500,Surface Tow,General Oceanics,43,53760,53717,1443.536941,4534.8713,3.08,7.3377,NA,NA,10K100766_20210717_221011,NA,NA,11.41,32.32,12.05556,57.79,58.52
2021,7,17,17/07/2021,NA,SB2021-05,5,NA,NA,NA,NA,NA,NA,NA,Lady Melissa,2,18:49:00,19:00:00,11,45.05921667,-65.19525,45.04941667,-65.2141,1,4,233,NA,0,W,5,23,NA,1,1/500,Surface Tow,General Oceanics,53760,116888,63128,1696.438744,5329.362314,6.14,11.34,NA,NA,10K100766_20210717_221011,NA,NA,11.41,32.32,12.2222,58.52,56.69
2021,8,1,01/08/2021,NA,SB2021-06,6,NA,NA,NA,NA,NA,NA,NA,Lady Melissa,1,18:55:00,19:05:00,10,45.04083333,-65.2215,45.05,-65.13333333,1,5,60,NA,0.25,SW,10,20,NA,1,1/500,Surface Tow,General Oceanics,116885,172241,55356,1487.581788,4673.238187,3.79,7.39,NA,NA,10K100766_20210801_223702,NA,NA,12.24,32.36,13.4,56.7,58.5
2021,8,1,01/08/2021,NA,SB2021-07,6,NA,NA,NA,NA,NA,NA,NA,Lady Melissa,2,19:10:00,19:20:00,10,45.05266667,-65.1855,45.0485,-65.3175,1,4,251,NA,0.25,SW,10,20,NA,1,1/500,Surface Tow,General Oceanics,172241,226036,53795,1445.633035,4541.456179,12.2,17.94,NA,NA,10K100766_20210801_223702,NA,NA,12.24,32.36,13.9,58.5,54.9
2021,8,15,15/08/2021,NA,SB2021-08,7,NA,NA,NA,NA,NA,NA,NA,Lady Melissa,1,18:41:00,18:52:00,11,45.03728333,-65.21666667,45.05541667,-65.20015,1,4,70,NA,0.25,NW,10,21,NA,1,1/500,Surface Tow,General Oceanics,225995,268341,42346,1137.964058,3574.914088,9,14.47,NA,NA,10K100766_20210815_222350,NA,NA,12.88,32.51,13.7,58.5,60.35
2021,8,15,15/08/2021,NA,SB2021-09,7,NA,NA,NA,NA,NA,NA,NA,Lady Melissa,2,19:00:00,19:10:00,10,45.0529,-65.20073333,45.05166667,-65.22116667,1,4,270,NA,0.25,NW,10,21,NA,1,1/500,Surface Tow,General Oceanics,268341,311750,43409,1166.530057,3664.654174,22,31.79,NA,NA,10K100766_20210815_222350,NA,NA,12.88,32.51,13.5,58.5,60.35
2021,8,23,23/08/2021,NA,GB2021-01,1,NA,NA,NA,NA,NA,NA,NA,Lady Melissa,1,18:51:00,19:02:00,11,43.56866667,-66.35211667,43.55166667,-66.35333333,1,4,66,NA,1.5,SE,21,26,NA,1,1/500,Surface Tow,General Oceanics,311817,342019,30202,811.618346,2549.699034,8.9,17,NA,NA,10K100766_20210823_223326,NA,NA,12.04,32.78,14.5,73.15,73.15
2021,8,23,23/08/2021,NA,GB2021-02,1,NA,NA,NA,NA,NA,NA,NA,Lady Melissa,2,19:12:00,19:22:00,10,43.56,-66.365,43.575,-66.365,1,4,280,NA,1.5,SE,21,26,NA,1,1/500,Surface Tow,General Oceanics,342019,368159,26140,702.46022,2206.778781,9.45,15.64,NA,NA,10K100766_20210823_223326,NA,NA,12.04,32.78,14.5,67.66,67.66
2021,8,29,29/08/2021,NA,SB2021-10,8,NA,NA,NA,NA,NA,NA,NA,Lady Melissa,1,18:49:00,19:00:00,11,45.03585,-65.23183333,45.05263333,-65.2,1,5,60,NA,0,W,8,18,NA,1,1/500,Surface Tow,General Oceanics,368217,406548,38331,1030.068963,3235.961647,5.9,17,NA,NA,10K100766_20210829_222744,NA,NA,13.19,32.57,13.3,62.17,58.5
2021,8,29,29/08/2021,NA,SB2021-11,8,NA,NA,NA,NA,NA,NA,NA,Lady Melissa,2,19:08:00,19:19:00,11,45.05701667,-65.202,45.05226667,-65.22106667,1,5,254,NA,0,W,8,18,NA,1,1/500,Surface Tow,General Oceanics,406548,436322,29774,800.116702,2513.566619,12,26,NA,NA,10K100766_20210829_222744,NA,NA,13.19,32.57,13.3,56.7,60.35
2021,9,5,05/09/2021,NA,GB2021-03,2,NA,NA,NA,NA,NA,NA,NA,Lady Melissa,1,19:07:00,19:19:00,12,43.572,-66.353,43.55,-66.354,1,4,180,NA,0.5,S,13,16,NA,1,1/500,Surface Tow,General Oceanics,436387,451587,15200,408.4696,1283.207248,10.9,20,NA,NA,10K100766_20210905_224802,NA,NA,11.59,32.54,12.5,55,80.5
2021,9,5,05/09/2021,NA,GB2021-04,2,NA,NA,NA,NA,NA,NA,NA,Lady Melissa,2,19:25:00,19:36:00,11,43.56,-66.361,43.566,-66.35,2,4,0,NA,0.5,S,13,16,NA,1,1/500,Surface Tow,General Oceanics,451587,461977,10390,279.21047,877.1396915,23.4,35,NA,NA,10K100766_20210905_224802,NA,NA,11.59,32.54,12.5,80.5,69.5
2021,9,13,13/09/2021,NA,SB2021-12,9,NA,NA,NA,NA,NA,NA,NA,Lady Melissa,1,17:56:00,18:06:00,10,45.045,-65.2,45.054,-65.196,1,4.5,60,NA,0,W,14,18,NA,1,1/500,Surface Tow,General Oceanics,NA,NA,NA,NA,NA,10.6,19.4,NA,NA,10K100766_20210913_213601,NA,NA,13.19,32.74,13.3,60.3,56.7
2021,9,13,13/09/2021,NA,SB2021-13,9,NA,NA,NA,NA,NA,NA,NA,Lady Melissa,2,18:15:00,18:26:00,11,45.05,-65.196,45.05,-65.2,1,4.5,250,NA,0,W,14,18,NA,1,1/500,Surface Tow,General Oceanics,NA,NA,NA,NA,NA,14.7,22.1,NA,NA,10K100766_20210913_213601,NA,NA,13.19,32.74,13.9,56.7,56.7
2021,9,20,20/09/2021,NA,GB2021-05,3,NA,NA,NA,NA,NA,NA,NA,Lady Melissa,1,18:54:00,19:04:00,10,43.571,-66.354,43.566,-66.35,1,NA,180,NA,0,N,6,14,NA,1,1/500,Surface Tow,General Oceanics,NA,NA,NA,NA,NA,17.6,28.3,NA,NA,10K100766_20210920_223134,NA,NA,11.9,33.23,13.2,NA,NA
2021,9,20,20/09/2021,NA,GB2021-06,3,NA,NA,NA,NA,NA,NA,NA,Lady Melissa,2,19:11:00,19:22:00,11,43.561,-66.365,43.577,-66.365,1,NA,0,NA,0,N,6,14,NA,1,1/500,Surface Tow,General Oceanics,NA,NA,NA,NA,NA,15.9,28.2,NA,NA,10K100766_20210920_223134,NA,NA,11.9,33.23,13,NA,NA
2021,9,26,26/09/2021,NA,SB2021-14,10,NA,NA,NA,NA,NA,NA,NA,Lady Melissa,1,18:18:00,18:30:00,12,45.0506,-65.217,45,-65.2,1,NA,60,NA,1,W,13,19,NA,1,1/500,Surface Tow,General Oceanics,NA,NA,NA,NA,NA,11.3,18.3,NA,NA,NA,NA,NA,NA,NA,13.8,54.8,53.5
2021,9,26,26/09/2021,NA,SB2021-15,10,NA,NA,NA,NA,NA,NA,NA,Lady Melissa,2,18:39:00,18:50:00,11,45.05,-65.2,45.035,-65.21,1,NA,180,NA,1,W,13,19,NA,1,1/500,Surface Tow,General Oceanics,NA,NA,NA,NA,NA,19.6,30.8,NA,NA,NA,NA,NA,NA,NA,13.8,53.5,54.8
2021,10,3,03/10/2021,NA,GB2021-07,4,NA,NA,NA,NA,NA,NA,NA,Lady Melissa,1,18:58:00,19:08:00,10,43.57,-66.52,43.56,-66.356,1,5,180,NA,0.5,NW,16,13,NA,1,1/500,Surface Tow,General Oceanics,NA,NA,NA,NA,NA,16.8,31.2,NA,NA,10K100766_20211003_223729,NA,NA,13.15,32.48,13.8,73,81
2021,10,3,03/10/2021,NA,GB2021-08,4,NA,NA,NA,NA,NA,NA,NA,Lady Melissa,2,19:17:00,19:28:00,11,43.561,-66.365,43.579,-66.367,1,5,0,NA,0.5,NW,16,13,NA,1,1/500,Surface Tow,General Oceanics,NA,NA,NA,NA,NA,11.6,18.2,NA,NA,10K100766_20211003_223729,NA,NA,13.15,32.48,13.5,76.5,74.8
2021,10,18,18/10/2021,NA,GB2021-09,5,NA,NA,NA,NA,NA,NA,NA,Lady Melissa,1,18:16:00,18:27:00,11,43.57,-66.352,43.56,-66.352,1,4,180,NA,1.75,W,20,10,NA,1,1/500,Surface Tow,General Oceanics,NA,NA,NA,NA,NA,15,25.3,NA,NA,NA,NA,NA,NA,NA,12.7,76.8,82.4
2021,10,18,18/10/2021,NA,GB2021-10,5,NA,NA,NA,NA,NA,NA,NA,Lady Melissa,2,18:34:00,18:44:00,10,43.56,-66.35,43.57,-66.35,1,4,305,NA,1.75,W,20,10,NA,1,1/500,Surface Tow,General Oceanics,NA,NA,NA,NA,NA,25.7,31.9,NA,NA,NA,NA,NA,NA,NA,12.7,77.9,75
2022,5,29,29/05/2022,SB,SB2022-01,1,NA,N,NA,NA,NA,NA,NA,Lady Melissa,1,20:39:00,20:49:00,10,45.05,-65.238,45.077,-65.193,1,4.9,36,NA,NA,NA,NA,NA,NA,1,1/500,Surface Tow,General Oceanics,494230,525428,31198,838.383854,2633.782877,3,NA,NA,NA,NA,NA,NA,8.37,31.94,NA,59,59
2022,5,29,29/05/2022,SB,SB2022-02,1,NA,Y,NA,NA,NA,NA,NA,Lady Melissa,2,20:59:00,21:10:00,11,45.077,-65.193,45.067,-65.233,1,0.9,205,NA,NA,NA,NA,NA,NA,1,1/500,Surface Tow,General Oceanics,525428,562549,37121,997.552633,3133.811597,2,NA,NA,NA,NA,NA,NA,8.37,31.94,NA,55,55
2022,6,12,12/06/2022,SB,SB2022-03,2,NA,Y,NA,8,Both,Lady Janice,Fundy Monarch,Lady Melissa,1,20:24:00,20:34:00,10,45.03666667,-65.245,45.04333333,-65.21833333,2,5,79,NA,0,E,11,21,NA,1,1/500,Surface Tow,General Oceanics,562755,601136,38381,1031.412613,3240.182724,24.1,41.2,NA,NA,10K100766_20220613_000651,NA,NA,8.98,31.77,9.8,68,68
2022,6,12,12/06/2022,SB,SB2022-04,2,NA,Y,NA,8,Both,Lady Janice,Fundy Monarch,Lady Melissa,2,20:50:00,21:00:00,10,45.07166667,-65.21,45.06666667,-65.22166667,1,3,240,NA,0,E,11,21,NA,1,1/500,Surface Tow,General Oceanics,601136,653117,51981,1396.885413,4388.315525,10.9,21.2,NA,NA,10K100766_20220613_000651,NA,NA,8.98,31.77,9.6,74,74
2022,6,26,26/06/2022,SB,SB2022-05,3,NA,Y,NA,7,Both,Canada 100,Sealife II,Lady Janice II,1,20:07:00,20:17:00,10,45.04816667,-65.2465,45.0554,-65.231,1,4.8,70,with,0,N,6,23,NA,1,1/500,Surface Tow,General Oceanics,653190,686507,33317,895.327741,2812.672098,9.74,15.52,NA,NA,10K100766_20220627_000044,NA,NA,10.13,29.95,9.7,65,65
2022,6,26,26/06/2022,SB,SB2022-06,3,NA,Y,NA,7,Both,Canada 100,Sealife II,Lady Janice II,2,20:32:00,20:42:00,10,45.05516667,-65.20116667,45.0645,-65.18266667,1,4.7,70,with,0,N,6,23,NA,1,1/500,Surface Tow,General Oceanics,686507,727270,40763,1095.424099,3441.274807,19.9,30.67,NA,NA,10K100766_20220627_000044,NA,NA,10.13,29.95,9.5,55,55
2022,7,10,10/07/2022,SB,SB2022-07,4,NA,Y,NA,5,East,Leroy and Barry,NA,Lady Janice II,1,19:56:00,20:06:00,10,45.0607,-65.2253,45.0708,-65.2082,1,4.5,46,with,0.25,SE,10,19,NA,1,1/500,Surface Tow,General Oceanics,727294,757308,30014,806.566222,2533.827786,19.55,32.31,NA,NA,10K100766_20220710_234116,NA,NA,11.42,30.24,11.4,71,71
2022,7,10,10/07/2022,SB,SB2022-08,4,NA,Y,NA,5,East,Leroy and Barry,NA,Lady Janice II,2,20:16:00,20:26:00,10,45.0632,-65.2077,45.0578,-65.2212,1,4.3,245,against,0.25,SE,10,19,NA,1,1/500,Surface Tow,General Oceanics,757308,831626,74318,1997.147614,6274.039229,9.65,19.01,NA,NA,10K100766_20220710_234116,NA,NA,11.42,30.24,11.1,60,66
2022,7,26,26/07/2022,SB,SB2022-09,5,NA,Y,NA,7,East,Lady Melissa,NA,Lady Janice II,1,19:55:00,20:06:00,11,45.0608,-65.219,45.0682,-65.206,1,4.3,45,with,1,NA,NA,20,NA,1,1/500,Surface Tow,General Oceanics,831689,855776,24087,647.289951,2033.461381,NA,NA,NA,NA,10K100766_20220726_235011,NA,NA,13.01,30.04,NA,NA,NA
2022,7,26,26/07/2022,SB,SB2022-10,5,NA,Y,NA,7,East,Lady Melissa,NA,Lady Janice II,2,20:13:00,20:24:00,11,45.0678,-65.2092,45.0662,-65.2137,1,1.6,270,against,1,NA,NA,20,NA,1,1/500,Surface Tow,General Oceanics,855776,896114,40338,1084.003074,3405.395657,NA,NA,NA,NA,10K100766_20220726_235011,NA,NA,13.01,30.04,NA,NA,NA
2022,8,7,07/08/2022,SB,SB2022-11,6,NA,Y,21:00:00,8,Both,Morning Star,Brunswick Provider,Lady Janice II,1,18:41:00,18:51:00,10,45.0615,-65.2268,45.068,-65.2127,1,4.5,60,with,1,SW,29,25,NA,1,1/500,Surface Tow,General Oceanics,896175,924397,28222,758.409806,2382.544406,4.74,8.8,NA,NA,10K100766_20220807_221957,NA,NA,13.43,30.49,NA,NA,NA
2022,8,7,07/08/2022,SB,SB2022-12,6,NA,Y,21:00:00,8,Both,Morning Star,Brunswick Provider,Lady Janice II,2,18:55:00,19:05:00,10,45.0673,-65.2097,45.0655,-65.2153,1,2,247,against,1,SW,29,25,NA,1,1/500,Surface Tow,General Oceanics,924397,960589,36192,972.587616,3055.383996,1.61,6.42,NA,NA,10K100766_20220807_221957,NA,NA,13.43,30.49,NA,NA,NA
2022,8,14,14/08/2022,GB,GB2022-01,1,NA,Y,NA,8,NA,NA,NA,Lady Janice II,1,19:17:00,19:27:00,10,43.5683,-66.3506,43.559,-66.352,2,3.9,87,with,0.25,NW,14,19,NA,1,1/500,Surface Tow,General Oceanics,960584,985785,25201,677.226473,2127.506965,1.87,3.46,NA,NA,10K100766_20220814_225326,NA,NA,12.06,31.17,NA,NA,NA
2022,8,14,14/08/2022,GB,GB2022-02,1,NA,Y,NA,8,NA,NA,NA,Lady Janice II,2,19:33:00,19:43:00,10,43.5608,-66.354,43.5647,-66.3562,1,1.6,337,against,0.25,NW,14,19,NA,1,1/500,Surface Tow,General Oceanics,985785,1008107,22322,599.859106,1884.457381,2.48,6.04,NA,NA,10K100766_20220814_225326,NA,NA,12.06,31.17,NA,NA,NA
2022,8,28,28/08/2022,GB,GB2022-03,2,NA,Y,NA,9,NA,NA,NA,Lady Janice II,1,19:26:00,19:36:00,10,43.57,-66.35983333,43.564,-66.3565,2,2.3,152,against,0.25,NW,10,19,NA,1,1/500,Surface Tow,General Oceanics,11518,18860,7342,197.301566,619.8228696,7.28,13.62,NA,NA,10K100766_20220828_224950,NA,NA,13.51,31.15,NA,NA,NA
2022,9,5,05/09/2022,SB,SB2022-13,8,NA,Y,NA,7,No,NA,NA,Lady Janice II,1,18:15:00,18:25:00,10,45.0548,-65.217,45.0605,-65.208,1,3.2,51,with,0.25,N,10,19,NA,1,1/500,Surface Tow,General Oceanics,18873,29679,10806,290.389638,912.2590478,5.43,9.47,NA,NA,10K100766_20220905_215001,NA,NA,13.92,30.94,NA,NA,NA
2022,9,5,05/09/2022,SB,SB2022-14,8,NA,Y,NA,7,No,NA,NA,Lady Janice II,2,18:30:00,18:40:00,10,45.0597,-65.213,45.0558,-65.218,1,2,223,against,0.25,N,10,19,NA,1,1/500,Surface Tow,General Oceanics,29679,70707,41028,1102.545444,3463.646512,2.15,3.73,NA,NA,10K100766_20220905_215001,NA,NA,13.92,30.94,NA,NA,NA
2022,9,11,11/09/2022,GB,GB2022-04,3,NA,Y,NA,9,NA,NA,NA,Lady Janice II,1,18:48:00,18:58:00,10,43.571,-66.358,43.564,-66.355,1,2.8,158,with,0,NW,16,21,NA,1,1/500,Surface Tow,General Oceanics,70715,101253,30538,820.647674,2578.064668,2.956,5.696,NA,NA,10K100766_20220911_222226,NA,NA,12.4357,30.8519,NA,NA,NA
2022,9,11,11/09/2022,GB,GB2022-05,3,NA,Y,NA,9,NA,NA,NA,Lady Janice II,2,19:04:00,19:14:00,10,43.561,-66.358,43.551,-66.361,1,2,339,against,0,NW,16,21,NA,1,1/500,Surface Tow,General Oceanics,101253,126884,25631,688.781863,2163.808223,4.597,7.63,NA,NA,10K100766_20220911_222226,NA,NA,12.4357,30.8519,NA,NA,NA
2022,9,18,18/09/2022,SB,SB2022-15,9,NA,Y,NA,4,No,NA,NA,Morning Star,1,18:16:00,18:26:00,10,45.037,-65.249,45.04,-65.242,1,NA,90,with,0,NW,5,12,NA,1,1/500,Surface Tow,General Oceanics,126884,139854,12970,348.54281,1094.947238,5.64,9.11,NA,NA,10K100766_20220918_221928,NA,NA,13.26,30.99,NA,NA,NA
2022,9,18,18/09/2022,SB,SB2022-16,9,NA,Y,NA,4,No,NA,NA,Morning Star,2,18:52:00,19:02:00,10,45.071,-65.186,45.067,-65.194,1,NA,258,against,0,NW,5,12,NA,1,1/500,Surface Tow,General Oceanics,139854,167454,27600,741.6948,2330.034214,1.41,1.41,NA,NA,10K100766_20220918_221928,NA,NA,13.26,30.99,NA,NA,NA
2022,9,25,25/09/2022,GB,GB2022-06,4,NA,Y,20:00:00,9,NA,NA,NA,Lady Janice II,1,18:57:00,19:07:00,10,43.56966667,-66.35666667,43.56333333,-66.358,1,NA,187,against,1,S,26,15,NA,1,1/500,Surface Tow,General Oceanics,167750,189732,21982,590.722286,1855.754061,1.68,4.01,NA,NA,10K100766_20220925_2232222,NA,NA,12.77,31.07,NA,NA,NA
2022,9,25,25/09/2022,GB,GB2022-07,4,NA,Y,20:00:00,9,NA,NA,NA,Lady Janice II,2,19:12:00,19:22:00,10,43.56066667,-66.361,43.56766667,-66.36316667,1,NA,347,with,1,S,26,15,NA,1,1/500,Surface Tow,General Oceanics,189732,224990,35258,947.488234,2976.534287,2.42,4.7,NA,NA,10K100766_20220925_2232222,NA,NA,12.77,31.07,NA,NA,NA
2022,10,2,02/10/2022,SB,SB2022,10,NA,Y,19:30:00,10,NA,NA,NA,NA,1,NA,NA,NA,NA,NA,NA,NA,NA,NA,NA,NA,NA,NA,NA,NA,NA,NA,NA,NA,NA,NA,NA,NA,NA,NA,NA,NA,NA,NA,NA,NA,NA,NA,NA,NA,NA,NA
2022,10,2,02/10/2022,SB,SB2022,10,NA,Y,19:30:00,10,NA,NA,NA,NA,2,NA,NA,NA,NA,NA,NA,NA,NA,NA,NA,NA,NA,NA,NA,NA,NA,NA,NA,NA,NA,NA,NA,NA,NA,NA,NA,NA,NA,NA,NA,NA,NA,NA,NA,NA,NA,NA
2022,10,10,10/10/2022,GB,GB2022-08,5,NA,Y,NA,9,NA,NA,NA,Lady Janice II,1,18:51:00,19:01:00,10,43.5707,-66.3545,43.5633,-66.3525,1,NA,169,with,0.25,SW,6,10,NA,1,1/500,Surface Tow,General Oceanics,224993,240979,15986,429.591778,1349.562571,8.104,12.32,NA,NA,10K100766_20221010_222234,NA,NA,12.61,30.74,NA,NA,NA
2022,10,10,10/10/2022,GB,GB2022-09,5,NA,Y,NA,9,NA,NA,NA,Lady Janice II,2,19:05:00,19:15:00,10,43.5622,-66.3592,43.5683,-66.3627,1,NA,332,against,0.25,SW,6,10,NA,1,1/500,Surface Tow,General Oceanics,240979,254146,13167,353.836791,1111.578279,2.98,4.74,NA,NA,10K100766_20221010_222234,NA,NA,12.61,30.74,NA,NA,NA
2022,10,23,23/10/2022,GB,GB2022-10,6,NA,N,NA,5,NA,NA,NA,Lady Janice II,1,17:56:00,18:06:00,10,43.568,-66.353,43.561,-66.353,1,NA,176,against,0.5,E,10,13,NA,1,1/500,Surface Tow,General Oceanics,254251,265040,10789,289.932797,910.8238818,3.141,5.4769,NA,NA,10K100766_20221023_213253,NA,NA,12.9,30.42,NA,NA,NA
2022,10,23,23/10/2022,GB,GB2022-11,6,NA,N,NA,5,NA,NA,NA,Lady Janice II,2,18:12:00,18:22:00,10,43.562,-66.357,43.567,-66.36,1,NA,340,with,0.5,E,10,13,NA,1,1/500,Surface Tow,General Oceanics,265040,270456,5416,145.544168,457.2270038,5.954,9.046,NA,NA,10K100766_20221023_213253,NA,NA,12.9,30.42,NA,NA,NA
2023,5,22,22/05/2023,SB,SB2023-01,1,N,N,21:00:00,4,Both,Morning Star,Fundy Monarch,Sealife II,1,4:05:00,4:15:00,10,45.07833333,-65.20833333,45.07666667,-65.21,1,2.5,270,with,0.25,N,6,5,NA,1,1/500,Surface Tow,General Oceanics,273230,297875,24645,662.285085,2080.568595,NA,NA,NA,NA,NA,NA,NA,NA,NA,NA,NA,NA
2023,5,22,22/05/2023,SB,SB2023-02,1,N,N,21:00:00,4,Both,Morning Star,Fundy Monarch,Sealife II,2,4:25:00,4:35:00,10,45.07,-65.21833333,45.06833333,-65.225,1,2.5,60,against,0.25,N,6,5,NA,1,1/500,Surface Tow,General Oceanics,297875,316516,18641,500.939593,1573.701731,NA,NA,NA,NA,NA,NA,NA,NA,NA,NA,NA,NA
2023,6,6,06/06/2023,SB,SB2023-03,2,Y,Y,21:00:00,8,Both,Tasha Marie,Brunswick Provider,Lady Janice II,1,20:35:00,20:45:00,10,45.04615,-65.22553333,45.04903333,-65.21943333,1,2,53,with,0.25,W,21,9,NA,1,1/500,Surface Tow,General Oceanics,316522,339043,22521,605.206833,1901.257266,NA,NA,NA,NA,NA,NA,NA,NA,NA,NA,NA,NA
2023,6,6,06/06/2023,SB,SB2023-04,2,Y,Y,21:00:00,8,Both,Tasha Marie,Brunswick Provider,Lady Janice II,2,20:52:00,21:02:00,10,45.04245,-65.22455,45.03863333,-65.23183333,1,2.2,234,against,0.25,W,21,9,NA,1,1/500,Surface Tow,General Oceanics,339043,374441,35398,951.250454,2988.353301,NA,NA,NA,NA,NA,NA,NA,NA,NA,NA,NA,NA
2023,6,18,18/06/2023,SB,SB2023-05,3,Y,Y,20:30:00,5,Both,Lady Janice II,Sealife II,Lady Janice II,1,19:46:00,19:56:00,10,45.08783333,-65.17,45.0875,-65.178,1,2.2,264,with,0.25,W,14,6,NA,1,1/500,Surface Tow,General Oceanics,374505,398897,24392,655.486216,2059.209948,NA,NA,NA,NA,10K100766_20230619_112613,NA,NA,8.83,31.46,NA,NA,NA
2023,6,18,18/06/2023,SB,SB2023-06,3,Y,Y,20:30:00,5,Both,Lady Janice II,Sealife II,Lady Janice II,2,20:00:00,20:10:00,10,45.0825,-65.17833333,45.07666667,-65.18333333,1,2.4,208,with,0.25,W,14,6,NA,1,1/500,Surface Tow,General Oceanics,398897,428899,30002,806.243746,2532.814728,NA,NA,NA,NA,10K100766_20230619_112613,NA,NA,8.83,31.46,NA,NA,NA
2023,7,2,02/07/2023,SB,NA,4,Y,Y,20:00:00,6,Both,Sealife II,Leroy and Barry,NA,1,NA,NA,NA,NA,NA,NA,NA,NA,NA,NA,NA,NA,NA,NA,NA,NA,NA,NA,NA,NA,NA,NA,NA,NA,NA,NA,NA,NA,NA,NA,NA,NA,NA,NA,NA,NA,NA
2023,7,2,02/07/2023,SB,NA,4,Y,Y,20:00:00,6,Both,Sealife II,Leroy and Barry,NA,2,NA,NA,NA,NA,NA,NA,NA,NA,NA,NA,NA,NA,NA,NA,NA,NA,NA,NA,NA,NA,NA,NA,NA,NA,NA,NA,NA,NA,NA,NA,NA,NA,NA,NA,NA,NA,NA
2023,7,16,16/07/2023,SB,SB2023-07,5,Y,N,21:30:00,6,Both,Canada 100,Lady Melissa,Lady Janice II,1,20:14:00,20:24:00,10,45.04983333,-65.2215,45.05566667,-65.21316667,1,3.2,44,with,0,S,11,27,NA,1,1/500,Surface Tow,General Oceanics,429076,443078,14002,376.275746,1182.070256,NA,NA,NA,NA,10K100766_20230716_235114,NA,NA,10.65,31.64,NA,NA,NA
2023,7,16,16/07/2023,SB,SB2023-08,5,Y,N,21:30:00,6,Both,Canada 100,Lady Melissa,Lady Janice II,2,20:28:00,2:21:00,-1087,45.05433333,-65.2055,45.05216667,-65.209,1,1,226,against,0,S,11,27,NA,1,1/500,Surface Tow,General Oceanics,443078,483578,40500,1088.3565,3419.071945,NA,NA,NA,NA,10K100766_20230716_235114,NA,NA,10.65,31.64,NA,NA,NA
2023,8,6,06/08/2023,GB,GB2023-01,1,Y,Y,20:30:00,5,None,NA,NA,Lady Janice II,1,18:55:00,19:05:00,10,43.56483333,-66.358,43.56283333,-66.36233333,1,2.1,200,against,0,W,8,17,NA,1,1/500,Surface Tow,General Oceanics,540248,563471,23223,624.071679,1960.52118,NA,NA,10,9,10K100766_20230806_223010,43.5659,-66.362,10.21860443,31.92849579,NA,NA,NA
2023,8,6,06/08/2023,GB,GB2023-02,1,Y,Y,20:30:00,5,None,NA,NA,Lady Janice II,2,19:10:00,19:20:00,10,43.56416667,-66.36266667,43.56716667,-66.35633333,1,2.4,30,with,0,W,8,17,NA,1,1/500,Surface Tow,General Oceanics,563471,600019,36548,982.154404,3085.43806,NA,NA,10,9,10K100766_20230806_223010,43.5659,-66.362,10.21860443,31.92849579,NA,NA,NA
2023,7,30,30/07/2023,SB,SB2023-09,6,Y,N,20:30:00,7,None,NA,NA,Lady Janice,1,19:11:00,19:21:00,10,45.05,-65.23,45.06,-65.22,1,4.3,33,with,0,NW,11,22,Tracey,1,1/500,Surface Tow,General Oceanics,483783,504183,20400,548.2092,1722.199202,NA,NA,8,7,10K100766_20230730_224751,45.054,-65.213,12.47614371,31.70856748,NA,NA,NA
2023,7,30,30/07/2023,SB,SB2023-10,6,Y,N,20:30:00,7,None,NA,NA,Lady Janice,2,19:27:00,19:37:00,10,45.06,-65.21,45,-65.21,1,0.8,213,against,0,NW,11,22,Tracey,1,1/500,Surface Tow,General Oceanics,504183,540202,36019,967.938587,3040.779071,NA,NA,8,7,10K100766_20230730_224751,45.054,-65.213,12.47614371,31.70856748,NA,NA,NA
2023,8,13,13/08/2023,SB,SB2023-11,7,Y,Y,20:30:00,6,None,NA,NA,Lady Melissa,1,19:06:00,19:16:00,10,45.0625,-65.2485,45.05566667,-65.22383333,1,6.7,60,with,0,NW,11,21,Tracey,1,1/500,Surface Tow,General Oceanics,600052,650367,50315,1352.114995,4247.669257,1.371847735,4.074240151,10,9.5,10K100766_20230813_224414,45.0542,-65.2085,12.39359078,31.75552678,NA,NA,NA
2023,8,13,13/08/2023,SB,SB2023-12,7,Y,Y,20:30:00,6,None,NA,NA,Lady Melissa,2,19:27:00,19:37:00,10,45.066,-65.21,45.06033333,-65.22,1,3.3,230,against,0,NW,11,21,Tracey,1,1/500,Surface Tow,General Oceanics,650367,709731,59364,1595.288772,5011.599677,0.938933317,1.43765114,10,9.5,10K100766_20230813_224414,45.0542,-65.2085,12.39359078,31.75552678,NA,NA,NA
2023,8,20,20/08/2023,GB,GB2023-03,2,Y,Y,20:30:00,9,None,NA,NA,Lady Melissa,1,19:31:00,19:41:00,10,43.55166667,-66.355,43.55166667,-66.35333333,1,5.8,180,with,1,W,10,15,NA,1,1/500,Surface Tow,General Oceanics,709734,766003,56269,1512.116837,4750.315043,4.094902158,5.677193072,7,6,10K100766_20230820_230559,43.5678,-66.3578,10.8896343,32.1048377,NA,NA,NA
2023,8,20,20/08/2023,GB,GB2023-04,2,Y,Y,20:30:00,9,None,NA,NA,Lady Melissa,2,19:51:00,20:01:00,10,43.56333333,-66.36166667,43.57666667,-66.35833333,1,5.8,0,against,1,W,10,16,NA,1,1/500,Surface Tow,General Oceanics,766003,829697,63694,1711.648862,5377.1449,1.838787796,3.339777822,7,6,10K100766_20230820_230559,43.5678,-66.3578,10.8896343,32.1048377,NA,NA,NA
